"doc_id","text","dropped"
"16 UgyFuMiaTI4PuwNZwGd4AaABAg","15000 new jobsğŸ˜ŠğŸ˜Š",NA
"20 UgxYrzsrZtDBD27k7nx4AaABAg","Ba Ba Ba",NA
"86 UgyrKeRq425NMPgXcfh4AaABAg","Scott - gummie DEI

JR",NA
"93 UgwjjKYQ6mj2aI2z2Al4AaABAg","ESTADUNIDENSES nÃ£o tÃªm muita escolha o pÃ©ssimo ou o pior????",NA
"99 UgyrAhitTr7UU8IaJ9Z4AaABAg","FJB",NA
"106 UgwPFdD53JUNuQcp5PZ4AaABAg","RFK all the way!ğŸ‡ºğŸ‡¸ğŸ‘ğŸ¼",NA
"181 UgzF9W1ZNrkPKaWXQKx4AaABAg.A5Dz8nJiYGPA5FnZTwGoF8","Fr",NA
"204 UgxR44b2B_ks1lnTafF4AaABAg","âœŒï¸2ğŸ˜†ğŸ‘âœŒï¸2âœŒï¸Let go Dddy joeâœŒï¸2âœŒï¸ğŸ‘ğŸ˜ŠğŸ‘‹2âœŒï¸ğŸ‘ŒğŸ‘â˜ºï¸",NA
"243 Ugz-c7sMgLkbN7wrWWF4AaABAg","*sigh*",NA
"268 UgxmL7R26dJOa3GsB894AaABAg","Karl Marxin oppi sai aikaan koko VenÃ¤jÃ¤n rappion. Nyt se leviÃ¤Ã¤ Suomessa.




https://youtu.be/aLECeQthlfw?si=9slEleqov-tr3jd8",NA
"273 UgyR8G4IRqrjRI2dauJ4AaABAg","Ø¹ØªÙ‰ ØµÙˆØ·Ù‰ Ø§Ù„Ù‰ ØªØ±Ù…Ø¨ Ø§Ù„Ø³ÙˆØ§Ù„ Ø§Ù„ÙƒØ¨ÙŠØ± Ø§Ù„Ù‰ Ø§Ø¨Ø¹Ø¯ Ù…Ø¯Ø§Ø¡",NA
"287 UgzCRElsGpmvL5QPR5F4AaABAg","Ğ¡Ğ¿Ğ°ÑĞ¸Ğ±Ğ¾ Ğ·Ğ° Ğ²Ğ¸Ğ´ĞµĞ¾! ğŸ‡°ğŸ‡¿",NA
"288 Ugw_3K3pfulxXhtpw354AaABAg","Ø¨Ø§ÛŒØ¯Ù† Ù¾Ø¨Ø±Ù…Ø±Ø¯ Ø®Ø±ÙØª..ØªØ±Ø§Ù…Ù¾ Ù…Ø±Ø¯ Ø¯ÛŒÙˆØ§Ù†Ù‡",NA
"328 Ugx0zi0gbWGNTSKwqfN4AaABAg","One leven fitty fi  ğŸš¼",NA
"398 UgxiVnlK2V1FVH0xWAJ4AaABAg","Statler and Waldorf",NA
"399 UgxTaWdCq9A-OEx6KZR4AaABAg","20:40  SLAM DUNK",NA
"404 Ugye1BUt1RTyanH_B3p4AaABAg","THE EMPEROR HAS NO CLOTHES!",NA
"417 UgxkEBt3n_491onGXW14AaABAg","Blood ties vs crip tiesğŸ˜‚",NA
"423 UgwsL-rC3rVfDdb51vV4AaABAg","https://youtu.be/NC5QSrtLB3U?si=k0rjTcR5ktQDWFQd",NA
"467 UgxY0i2JXs7XGvNvkAd4AaABAg","Oh no. Itâ€™s demented Joe!",NA
"470 Ugy6KIN-ez9wuZVX7rF4AaABAg","i got My flag way up there when i saw her...",NA
"488 UgwaPmmRKlzjvZzJGed4AaABAg","K",NA
"554 UgzEiK2Ipwo1zabEq1x4AaABAg","Were so cookedğŸ˜­ğŸ˜­ğŸ˜­ğŸ™",NA
"571 UgxAWvx1KCtfVlwUNOp4AaABAg","And he is Catholic \"\"",NA
"582 Ugx8t13CFnw6kgfialB4AaABAg","All I can say is LOL",NA
"589 UgxorIBJrhkasbZNUjh4AaABAg","4:10",NA
"595 Ugz8eELBjfsfMOTM8vR4AaABAg","11:00 i skibidi with",NA
"597 Ugy_JzQaaUnSpeLFkU14AaABAg","ğŸ™ŒğŸ»Fâ€¦Jâ€¦Bâ€¦!",NA
"607 UgxitrkI8wnEdaKAVkd4AaABAg","50:37 ì¶”ê°€ ì§ˆë¬¸ êµ¬ê°„ ğŸ˜®",NA
"651 Ugw1RzzUL-BfOMdC-ZJ4AaABAg","CNN is trash",NA
"684 UgwjrxiG_vgYxiuCT3V4AaABAg","11:07 I died",NA
"692 UgzEF5KhSwsz1xiqXvZ4AaABAg","What a Circus!",NA
"744 UgwcxdjMzovsyHl_K8N4AaABAg","â¤â¤â¤tarms",NA
"751 UgzK5ZnV6auJYUq-0B14AaABAg","âœ”ï¸",NA
"755 Ugx24tvquWPhgk2O-Z94AaABAg","Florida gill",NA
"770 UgwWa1HbeNk0_7usUSh4AaABAg","ÙˆÙ‡Ø§Ø°Ù‡
Ø©Ù„Ø¨Ø±Ø²Ù†ØªØ§Ù„.Ù„Ù†.ØªÙ†Ø§Ù„ÙˆÙ‡Ø§.Ù…Ø§.Ø¯Ù…Øª.Ø­ÙŠÙŠØ§",NA
"771 Ugw5lFd1bVhCW4Mfeb54AaABAg","Ù‡Ø§Ø°Ù‡.ÙƒÙ„Ø¯Ù…Øª.Ø¨Ø§Øª.ÙˆØ¨Ø¹Ø¯.Ù…Ø§Ø³Ù…Ø¹Ùˆ.Ù…Ù†.Ø§Ù„Ù†Ø§Ø³.Ø§Ù„Ø¹Ø§Ø±ÙÙˆÙ†.Ø¨Ø§Ù„Ø§ÙØ§Ø¶.Ø©Ù„Ø¹Ø§Ù…Ù‡.Ø§Ù„Ø¹Ø±Ø¨Ù‡.ÙˆÙ„Ø§.Ù…ÙˆÙ‡Ù….Ø¹Ù„ÙŠ.ÙˆØ¶Ø¹.Ø§Ù†Ø³Ø§Ù†.ÙÙŠ.Ù…ÙƒØ§Ù†.Ø§Ù„Ø¹Ø´Ø±Ù‡.ØºÙŠØ±ÙˆÙ‡Ø§.Ø¨ÙƒÙ„Ù…Øª.Ø¯Ø¨Ø§Øª.ÙˆØ§Ù‡Ø°Ø§.Ù…Ù†.Ø§Ø³Ù†ÙˆØ§Øª.Ø§Ø­Ø¯Ø§.Ø§Ù‚Ø§Ø±Ø¨.Ø©Ù„Ø±Ø¦ÙŠØ³.Ø¨ÙŠØ¯Ù†.ÙŠØ¯Ø¹ÙŠ.Ø§Ù†Ù‡.Ù‚ÙØ±Ù…Ø§Ù†.ÙˆØ¥Ù†.Ù‡Ø§Ø°Ù‡.Ø§Ù„ÙƒÙ„Ù‡.Ø³ÙˆÙ.Ø§Ù†Ù‚Ù‡Ø§.Ø§Ù„ÙŠ.Ø§Ù„Ù‚Ø¶Ø§Ø¡.Ù„ÙŠÙ†Ø±.ÙÙŠÙ‡Ø§..ÙˆØ§Ù†Ù‡.Ù…Ù†.Ø§Ù„ØªØ¹Ø¬Ø±Ù.ÙˆØ§Ù„ØªÙƒØ¨Ø±..ÙˆØ¶Ø¹Ù†Ø§.ÙÙŠ.Ù…Ù‚Ø§Ù….Ø¨Ø§Øª.ÙˆØ§Ù†Ø°Ø±Ùˆ.Ø§Ù„ÙŠ.Ø§Ù„Ø¹Ù†ØµØ±ÙŠÙ‡. Ø§Ù„Ø¹Ù†ØµØ±ÙŠÙ‡.Ø§Ù†Øª.Ø§Ù…Ø±ÙƒÙŠ.ØªØ¹ØªÙ‚Ø¯.Ø§Ù†Ùƒ.Ø§Ø­Ø³Ù†.Ù…Ù†Ø§.Ø¬Ù„Ù‚Ø§.ÙˆØ®Ù„Ù‚Ø§.ÙŠØ§Ø§ÙŠÙ‡Ø§.Ø§Ù„Ù†Ø§Ø³.Ø§Ù†.Ø®Ù„Ù‚ÙŠÙ†Ø§Ù‡Ù….Ù…Ù†.Ø°ÙƒØ±.ÙˆØ§Ù†Ø«ÙŠ.ÙˆØ´Ø¹Ù„Ù†Ø§ÙƒÙ….Ø´Ø¹ÙŠØ¨.ÙˆÙ‚Ø¨Ø§ÙŠÙ„.Ù„ØªØ¹Ø§Ø±ÙÙˆ.Ø§Ù†.Ø§ÙƒØ±Ù…ÙƒÙ….Ø¹Ù†Ø¯.Ø§Ù„Ù„Ù‡.Ø§ØªÙ‚Ø§ÙƒÙ…. Ù„Ø§.ÙŠØ³Ø®Ø±.Ù‚ÙˆÙ…Ø§.Ù…Ù†.Ù‚ÙˆÙ…Ø§.Ø¹Ø³ÙŠ.Ø§Ù†.ÙŠÙƒÙ†ÙˆØ®ÙŠØ±Ø§.Ù…Ù†Ù‡Ù….ÙˆÙ„Ø§.Ù†Ø³Ø§Ø¡.Ù…Ù†.Ù†Ø³Ø§Ø¡.Ø¹Ø³ÙŠ.Ø§Ù†.ÙŠÙƒÙ†.Ø®ÙŠØ±Ø§.Ù…Ù†Ù‡Ù†",NA
"776 Ugxesva3xappDKr0z0h4AaABAg","â¤",NA
"780 UgwqayaY7ktA1wLBD8F4AaABAg","ä¸å¾—ä¸è¯´ï¼ŒçœŸå¥½çœ‹ã€‚ğŸ˜‚",NA
"788 Ugz4PZCrWCJaKOGC-Vx4AaABAg","I am from nepalğŸ‡³ğŸ‡µ",NA
"791 Ugy7kT4J7r7M01Ek-xp4AaABAg","â¤à¸—à¸²à¸‡à¸ªà¸²à¸¢à¸à¸²à¸£à¸šà¸´à¸™  â¤",NA
"792 UgxrumDIK9iEzPDYNid4AaABAg","â¤à¸—à¸³à¸‚à¸™à¸¡à¸—à¸µà¹ˆà¹‚à¸£à¸‡à¸à¸¢à¸²à¸šà¸²à¸¥à¹€à¸­à¸à¸Šà¸™à¸•à¸£à¸±à¸‡à¸ªà¸‡à¸Šà¸¥à¸²à¸£à¸§à¸¢à¸ªà¹ˆà¸‡à¹„à¸›à¹à¸±à¸§à¸à¸à¸©  à¹à¸£à¸™à¸™à¸²à¸”à¸²  à¸Ÿà¸´à¸¥à¸²â¤â¤â¤",NA
"793 UgzJ7Z8xziRwxgV_IBt4AaABAg","ğŸ˜®trump I dislike ğŸ˜¢ğŸ˜¢ğŸ˜¢ğŸ˜¢ğŸ˜¢",NA
"807 UgwsPJrH6TTignbjXDp4AaABAg","Sir TrumpğŸ™ğŸ™ğŸ™ğŸ‘ğŸ‘ğŸ‘ğŸ‘ğŸ‘â¤ï¸â¤ï¸â¤ï¸â¤ï¸â¤ï¸",NA
"811 UgxH2-WCxx0u15UKmYd4AaABAg","à¹€à¸à¸²à¸°à¸«à¸™à¸¹à¹€à¸à¸¥à¸µà¸¢à¸”à¸„à¸™à¹‚à¸à¸«à¸”à¹à¸¥à¸°à¸„à¸™à¹‚à¸à¸‡à¹€à¸›à¹‡à¸™à¸Šà¸µà¸§à¸´à¸•à¸ˆà¸´à¸•à¹ƒà¸ˆà¸¡à¸²à¸à¸¡à¸²à¸à¹€à¸¥à¸¢à¸¢à¸­à¸¡à¸´à¸”à¸•à¸²à¸¢à¹à¸•à¹ˆà¹„à¸¡à¹ˆà¸¢à¸­à¸¡à¹‚à¸à¸‡à¸‚à¸­à¸‡à¸‚à¸­à¸‡à¹ƒà¸„à¸£à¹€à¸”à¹‡à¸”à¸‚à¸²à¸”à¸™à¸°à¸„à¸°à¸Ÿà¸µà¸”",NA
"812 Ugz-hT-l_6_F3UoV92N4AaABAg","à¹à¸•à¹ˆà¹„à¸«à¹‰à¹€à¸‚à¸²à¸¡à¸²à¸­à¸¢à¹ˆà¸²à¸”à¹ˆà¸§à¸™à¸à¹ˆà¸­à¸™à¸—à¸µà¹ˆà¸«à¸™à¸¹à¸ˆà¸°à¹„à¸›à¸Ÿà¹‰à¸­à¸‡à¸—à¸µà¸ªà¸–à¸²à¸™à¸—à¸¹à¸•à¸­à¸±à¸‡à¸à¸¤à¸™à¸²à¸§à¸¡à¸²à¸™à¸²à¸§à¹€à¸¡à¸·à¸­à¸‡à¹„à¸—à¸¢",NA
"823 UgyIXtdLI1ZyLAfq0aN4AaABAg","So they are editing Joe's weird facial expressions and his gaps, sneaky!",NA
"860 UgwUxKwpoU0tpFVcII94AaABAg","11:03 I skibiddi with ğŸ˜‚ğŸ˜‚",NA
"889 UgwQ3wSeoz5jNsLgfi14AaABAg","Megawati dan para partai.pejabat.lurah.camat.masyarakat megawati..menjual negara any.kebapak saya.sampai mati..mereka tidak tau kalau Donal Trump..Raja salman Herman....mereka terjebak.membuat surat palsu.atas nama bapak megawati soekarno.padahal hanya mengontrak..pikirnya any.tidak punya bapak lagi..hidup sendiri..itulah yg terjadi.dalam otak2 mereka2",NA
"894 Ugy4JaJ8pfW5W4aaBxZ4AaABAg","No creo justo que Reemplacen a Joe  el tiene el derecho de luchar hasta el final",NA
"902 UgxChNfKYpzd7KVs6aJ4AaABAg","CNN IS THE ENEMY",NA
"919 UgyZ645rXMc7eOL9DC94AaABAg","Ku xigeenka Somaliland Saylici",NA
"932 UgyOwbJFPk-E53IWzZh4AaABAg","So  size six kids",NA
"938 Ugz-Udrt6hZUvZIecrZ4AaABAg","Yes",NA
"982 Ugw8AJnEu63FbqmI8Vt4AaABAg","@50:30",NA
"997 Ugwquqeb4uuid0qCu3B4AaABAg","â¤",NA
"1017 Ugyv8KuzyrlQvZ_RJEd4AaABAg","Lies lies lies",NA
"1023 UgxBzlgnBNC7LKK9T1V4AaABAg","35:55 ğŸ˜‚ğŸ˜‚ğŸ˜‚ğŸ˜‚ğŸ˜‚ğŸ˜‚ğŸ˜‚",NA
"1025 Ugwo0kUMHw9Ccw0tFz54AaABAg","ğŸ˜‚ğŸ˜‚ğŸ˜‚â¤",NA
"1027 Ugznpd2ecrS7H7U0Y1B4AaABAg","â¤â¤",NA
"1030 UgzoDs7mlooCY-dcHwN4AaABAg","THE MINORITY",NA
"1040 UgyUpi4rH3AedC8AX6t4AaABAg","â¤",NA
"1044 UgyKVEJfEezn0W2XH-t4AaABAg","Block bbc",NA
"1048 UgzLv3gz8NRHQtyxnHJ4AaABAg","Madelyn JimÃ©nez CAb",NA
"1097 UgyMeLJDA0xZQnUI2cJ4AaABAg","ğŸ¤•",NA
"1107 UgyixzLMAxDBtBLcMcd4AaABAg","The Battle of the extinct Dinosaurs",NA
"1157 UgzQYQ7k_4SJ4PJhfm94AaABAg","Morals of an alley cat go BidenğŸ˜…",NA
"1167 UgwpKsyVes_fEbp1jl94AaABAg","Rigged from the toss",NA
"1194 UgwNBMfViOMlzlmoaB54AaABAg","No handshake???",NA
"1224 Ugy4_RSLKpiicbARxIZ4AaABAg","Wow",NA
"1241 Ugx84DIpGUYYU7rNrzV4AaABAg","How's the shower these days joe?",NA
"1315 UgxBUsZLn6bP0HHwuQl4AaABAg","ğŸ¤£ğŸ˜‚ğŸ¤£ğŸ˜‚",NA
"1366 UgzoIgXt63sNh6rT6dN4AaABAg","TrumpppppppppğŸ‰ğŸ‰ğŸ‰ğŸ‰ğŸ‰ğŸ‰ğŸ‰ğŸ‰ğŸ‰ğŸ‰ğŸ‰",NA
"1389 UgwbmdIbnaUPuiDfQil4AaABAg","LA NACIÃ“N NO TIENE. SALVACIÃ“N  DOS ANCIANO  LOCOS ğŸ˜‚JJAJAJAJA JJAJAJAJA ğŸ˜‚",NA
"1408 UgwgIrISwuhPzyp_ZUd4AaABAg","Me and my sister at 4 am :",NA
"1409 UgyPFFBWP27fQv_G-wV4AaABAg","Gooo!! Trummmppp!!! ğŸ‰ğŸ‰ğŸ˜…",NA
"1412 Ugy_SqZZgwop1KkmqoR4AaABAg","Wow how sad...",NA
"1452 UgyAY0yq99V0aX1WBAd4AaABAg","HORSE MANUER",NA
"1461 Ugw6SbhKosV6lNPcmv94AaABAg","LIES UP ON LIES",NA
"1462 Ugx5rGykAylnsiPt2p14AaABAg","Trumpâ¤â¤â¤â¤â¤â¤â¤â¤â¤â¤â¤â¤â¤â¤â¤â¤â¤â¤â¤â¤â¤â¤â¤â¤â¤â¤â¤â¤â¤â¤â¤â¤â¤â¤â¤â¤â¤â¤â¤â¤â¤â¤â¤â¤â¤â¤â¤â¤â¤â¤â¤â¤â¤â¤â¤â¤â¤â¤â¤â¤â¤â¤â¤â¤",NA
"1473 Ugw_iZ8wm0STYLD7ICt4AaABAg","ÛµÛ´Û¸Û·Û±Û¹",NA
"1498 UgwG1xfdWe4iVM_E3rF4AaABAg","1:11:53 a tootin? ğŸ˜‚",NA
"1517 Ugx1mHCzK2J2dnZc8zZ4AaABAg","Nightmare",NA
"1580 Ugw0qS5xa2MLeP2-Lnd4AaABAg","I skibidi with",NA
"1584 UgzgvpBZEPWL4zjG7WJ4AaABAg","ğŸ‡µğŸ‡­â¤ï¸ğŸ‡ºğŸ‡¸",NA
"1585 UgwD4fcPpRvNqzTkwsl4AaABAg","No Roe Joe",NA
"1621 UgzsRqqkcdlZKwjFzON4AaABAg","Lie lie lie lie ğŸ˜¢",NA
"1622 Ugy7gQzvFC6aui7k1kx4AaABAg","1$=1ru?! Equality?",NA
"1625 Ugy3R4YgDB74BloYIpR4AaABAg","ğŸ‡µğŸ‡­â¤ï¸Trump ğŸ’šğŸ‘Š",NA
"1628 UgytPNvAmMGvRCrGyIt4AaABAg","T24",NA
"1639 Ugwsw9rZ3z7k7eoE3e54AaABAg","20:42 ğŸ¤£ğŸ¤£ğŸ¤£",NA
"1643 UgzLQn8k7o2Lwl-zWxl4AaABAg","Im with trumpğŸ˜Š",NA
"1644 UgxZJKS3zvSsJ1nrSnd4AaABAg","ä¸ºä»€ä¹ˆç¾å›½äººèƒ½å®¹å¿è¿™ç§äººåšæ€»ç»Ÿï¼Œå¬å®Œåªååªç®€ç›´æ˜¯ä¸¤ä¸ªå–é†‰é…’çš„äººï¼Œä¸€ä¸ªä¸åœçš„å¹ç‰›è¯´èƒ¡è¯ï¼Œå¦ä¸€ä¸ªé€»è¾‘æ··ä¹±ï¼Œè¯éƒ½å·²ç»è¯´ä¸æ¸…äº†
æˆ‘æ˜ç™½äººæ— å®Œäººï¼Œä½†è¿™æ˜¯å›½å®¶é¦–è„‘å€™é€‰äººï¼Œç¾å›½çœŸçš„æ²¡æœ‰äººäº†å—",NA
"1658 UgzyGOvWxW2cjN-RQJJ4AaABAg","What is a bad war lol?",NA
"1676 UgyjVlaTyq0V51z4sB94AaABAg","â¤Donald",NA
"1698 UgxmtSnnhLoKq4LU0Gl4AaABAg","ãƒˆãƒ©ãƒ³ãƒ—é ‘å¼µã‚Œãƒ¼ãƒ¼ãƒ¼âœ¨âœ¨âœ¨

ãƒã‚¤ãƒ‡ãƒ³ã¯æˆ¦äº‰æ–¡æ—‹å¤§çµ±é ˜ã ã‹ã‚‰ä¸–ç•Œã¯é£½ãé£½ãã—ã¦ã‚‹â—â—

æˆ¦äº‰ã‚’æ­¢ã‚ã•ã›ã‚‹ã®ã¯ãƒˆãƒ©ãƒ³ãƒ—ã—ã‹ã„ãªã„ğŸ‰ğŸ‰ğŸ‰

å†é¸ã‚’ç¥ˆã‚Šã¾ã™ğŸ””

ã‚¢ãƒ¡ãƒªã‚«å›½æ°‘ãŒæ‚ªã„ã®ã§ã¯ãªãã€å¤§æ‰‹ä¼æ¥­ã«æ“ã‚‰ã‚Œã‚‹ãƒã‚¤ãƒ‡ãƒ³ãŒæ‚ªã„â—â—

ãƒˆãƒ©ãƒ³ãƒ—ã«ã¯æœ¬å½“ã®ã€æ„›ã€ãŒã‚ã‚‹â¤

å›½æ°‘ã‚’æ€ã†ã€å¿ƒã€ãŒã‚ã‚‹â¤

ãƒˆãƒ©ãƒ³ãƒ—ã—ã‹ã„ãªã„â­â­â­â­â­",NA
"1714 UgyYB-FvtUjd-i485994AaABAg","26:00",NA
"1724 UgyszNRCLUHjdsPdmnN4AaABAg","ğŸ˜®",NA
"1732 UgybEzJ4P64syy-BXG94AaABAg","Donal #1",NA
"1773 Ugzbt5b7A5yQG-iHHot4AaABAg","ğŸ¤¦ğŸ»â€â™€ï¸ğŸ¤¦ğŸ»â€â™€ï¸ğŸ¤¦ğŸ»â€â™€ï¸ğŸ¤¦ğŸ»â€â™€ï¸ğŸ¤¦ğŸ»â€â™€ï¸ğŸ¤¦ğŸ»â€â™€ï¸ğŸ¤¦ğŸ»â€â™€ï¸ğŸ¤¦ğŸ»â€â™€ï¸ğŸ¤¦ğŸ»â€â™€ï¸ğŸ¤¦ğŸ»â€â™€ï¸ğŸ¤¦ğŸ»â€â™€ï¸",NA
"1800 Ugw_NTEr4LCxXncVjzl4AaABAg","ğŸ¤£ğŸ¤£ğŸ¤£",NA
"1803 Ugxj47b4IxXer-EPUXB4AaABAg","Baidena hi ka khawngaih e mai ğŸ˜¢",NA
"1823 Ugzx9L_4ZnHPVj_xm2N4AaABAg","What a circus.....with clowns...ğŸ˜…ğŸ˜…ğŸ˜…ğŸ˜…ğŸ˜…ğŸ˜…ğŸ˜…ğŸ˜…ğŸ˜…",NA
"1840 UgwHv00m2wG_PeAFpvR4AaABAg","Yes it was! Econmy/Trumpâ¤",NA
"1851 UgwizuTdGfrj2pDfTR54AaABAg","And by the way...  .......   .......       ....",NA
"1855 UgyXAyIQZ83L0lEMvJV4AaABAg","Cool so, RFK 2024",NA
"1880 UgzYBWrRCN4La4IMKn54AaABAg","Both are creeps",NA
"1888 Ugzhc0O1VF-ChsMqeeR4AaABAg","The over the hill gang.",NA
"1891 Ugwlmqb0Lk4uF3a9xnJ4AaABAg","https://youtu.be/nNmDomke5Dc?si=OjKEYrrFRVi8J9tF",NA
"1902 UgzpNRpjlKDQ0A-1AHx4AaABAg","ğŸ˜‚trump",NA
"1904 UgzVZy_Wuy0Tc-n5vHF4AaABAg","Omg me TğŸ¥´",NA
"1913 Ugyw8_RkG7WU_muUot14AaABAg","This english is very dufficulte ğŸ˜¢ğŸ˜¢ğŸ˜¢ am from Congo Drc",NA
"1919 UgxynRFw4fBQlAW56it4AaABAg","Ufz48v70",NA
"1925 UgwGB8Tf63t7wMBD1lR4AaABAg","Very naice",NA
"1934 UgwMRI9Vd-5oSLqrZEp4AaABAg","They all are herion",NA
"1952 UgwiHF0kk3bAFApXWZp4AaABAg","45ğŸ‘",NA
"1968 Ugyq1aEX-WmdYKipWMJ4AaABAg","$1T COIN",NA
"1972 UgxoQo4fLRi_Q1Yn5y14AaABAg","Old electricity",NA
"2013 UgxRxhYtyUY2c1pt1UR4AaABAg","Jai Jai USA ğŸ‡ºğŸ‡¸ ğŸ™ âœ¨ï¸",NA
"2028 UgyW3NNJlrCHGNll4dN4AaABAg","janet yellen",NA
"2034 UgxarS0ifwAyMVJ24nV4AaABAg","BIDENğŸ’ªğŸ’ªğŸ’ªğŸ’ªâœŒï¸",NA
"2035 Ugyu1FuEZznuTvr6sux4AaABAg","â¤â¤ğŸ‘ğŸ‘",NA
"2039 UgyZErB3QP9trmFv4DR4AaABAg","á»¦y",NA
"2051 UgyIJAc6dsEHokqvfGh4AaABAg","Ğoh Ğ¾oh , my godğŸ˜®",NA
"2062 Ugzet3jzWhg6nWrHH3V4AaABAg","Trumpâ¤",NA
"2065 Ugyd2ffnP_26HB3ry_h4AaABAg","The silences are deafening.",NA
"2084 UgwYidRuFQpLsreyGft4AaABAg",".yes...ader...alik..gut.moning.tengkiu..gut.moning..",NA
"2086 UgxyvfCPI5-oTGehuX94AaABAg","@2/28/24/(ernestoâ¤â¤culanag 0417,1974.)@/7/2/24.",NA
"2091 UgyCOXKJRbxcRcNE3554AaABAg","Congratulations in advance Trump.ğŸ’ªğŸ’ª",NA
"2094 UgyxERvddfDHWLlOunF4AaABAg","Trimp won!",NA
"2104 Ugw-blMFZ0K5Fe0wnph4AaABAg","ğŸ‘ğŸ‘ğŸ‘",NA
"2120 UgzrXNmTghDPa1HR8D54AaABAg","ĞšĞ°Ğº Ğ¸Ğ½Ñ‚ĞµÑ€ĞµÑĞ½Ğ¾ Ğ±Ñ‹Ğ»Ğ¾ Ğ±Ñ‹ Ğ¿Ğ¾ÑĞ»ÑƒÑˆĞ°Ñ‚ÑŒ Ğ´ĞµĞ±Ğ°Ñ‚Ñ‹ Ğ¿ÑƒÑ‚Ğ¸Ğ½Ğ° Ğ¸ Ğ½Ğ°Ğ²Ğ°Ğ»ÑŒĞ½Ğ¾Ğ³Ğ¾, Ğ¸Ğ»Ğ¸ Ğ¿ÑƒÑ‚Ğ¸Ğ½Ğ° Ğ¸ Ñ…Ğ¾Ğ´Ğ¾Ñ€ĞºĞ¾Ğ²ÑĞºĞ¾Ğ³Ğ¾, Ğ¿ÑƒÑ‚Ğ¸Ğ½Ğ° Ğ¸ Ğ½ĞµĞ¼Ñ†Ğ¾Ğ²Ğ°",NA
"2130 UgzJDGAl3eVFD_RmQWl4AaABAg","ğŸ˜‚ğŸ˜‚ğŸ˜‚ğŸ˜‚ğŸ˜‚",NA
"2155 UgwWO8RQ-FXYusKMcxF4AaABAg","DosÅ¥ bolo okupovania a vojen.ğŸ•Šï¸ğŸ•Šï¸ğŸŒğŸ•Šï¸ğŸŒğŸ•Šï¸",NA
"2166 UgyLvkkdW6c-EqO_R9N4AaABAg","All I see here is Peter obi and balablue bulaba",NA
"2182 UgwcJGi853R8lShEXjt4AaABAg","Trumppppppppâ¤â¤â¤â¤",NA
"2183 UgxmKmI1qw2L_LoRtUV4AaABAg","they  cleaned   it   up,",NA
"2206 Ugx0IcLo_VAsJOYrbTJ4AaABAg","ğŸ™ğŸ™ğŸ™ğŸ™",NA
"2210 UgwG3Nw-kuTLEyrIzVF4AaABAg","Iâ€™m homeless while gimmegrants get 4 star hotel accommodation.",NA
"2241 UgznpRZp4VRHCmwcYrJ4AaABAg","25:36 my comeback to any argument from now on ğŸ˜‚ğŸ˜‚",NA
"2261 Ugwioa6TzR005P7zqyd4AaABAg","Ğ Ğ²ÑĞµ Ñ€Ğ°Ğ²Ğ½Ğ¾ ÑĞ¼ĞµÑˆĞ½Ğ¾!",NA
"2267 UgyASrB5yOwphRu_wSV4AaABAg","25:30",NA
"2268 UgwtVpmgKnbtJ_V5fBF4AaABAg","11:07",NA
"2275 UgzhGHbL36wOSry0yO94AaABAg","à´Ÿàµà´°à´®àµà´ªà´£àµà´£àµ» â¤â¤ğŸ˜‚",NA
"2281 UgzD7Tda_R_Je_BTUOR4AaABAg","USAğŸ˜‚",NA
"2307 Ugwaai2pipoHuJKfPu54AaABAg","Ñ Ğ½Ğµ Ğ¼Ğ¾Ğ³Ñƒ Ğ½Ğ°Ğ¹Ñ‚Ğ¸ Ğ½Ğ¸ Ğ¾Ğ´Ğ½Ğ¾Ğ³Ğ¾ ĞºĞ¾Ğ¼Ğ¼ĞµĞ½Ñ‚Ğ°Ñ€Ğ¸Ñ Ğ² Ğ¿Ğ¾Ğ´Ğ´ĞµÑ€Ğ¶ĞºÑƒ Ğ‘Ğ°Ğ¹Ğ´ĞµĞ½Ğ°.",NA
"2367 UgxHQ1OL67-UCmi45uJ4AaABAg","You're son doing Coke hahaha",NA
"2385 Ugyhr56aHzl-1GCUokl4AaABAg","Man thatâ€™s a juicy fart at 1:11:55!!",NA
"2443 UgxGfYSfWYsENUWj4dp4AaABAg","3 bags at Walmart boom $400 ğŸ˜’",NA
"2483 UgzWMRPNHJsfDGXKnuN4AaABAg","ğŸ•›",NA
"2484 Ugyzed2D71deTifbCz54AaABAg","Beavis and Butthead in the fleshâ€¦.",NA
"2495 Ugx9aZdRBTizi-IoXdB4AaABAg","1:11:54",NA
"2496 UgxxDDMDdaJFZRZLoE54AaABAg","ğŸ˜¢ USA",NA
"2521 UgyJfXuvevnx1pnls5B4AaABAg","quiÃ©n es el padre de mi abuelo?",NA
"2528 UgyK0S-2jQykcOxV4sJ4AaABAg","Deportation",NA
"2553 Ugxbs7unU6qYPNiiNJl4AaABAg","No way!",NA
"2576 Ugxm289BcpqzOXtHYyR4AaABAg","Ghaza is chaos through both of these suspects",NA
"2592 UgzmH0A22VGhrjZ_IMl4AaABAg","We were",NA
"2593 UgyfN6Z9Dcge4lUJpNx4AaABAg","Oh brother",NA
"2594 Ugy_XUeSDbvjJfw59bt4AaABAg","Yes he is !!!!!!",NA
"2616 UgzEs_2cPJh0GrWSIbB4AaABAg","ğŸ˜‚ğŸ˜‚ğŸ˜‚ğŸ˜‚ğŸ˜‚",NA
"2645 UgwTAkonxH-g91E8Rst4AaABAg","Giant Douch and Turdsandwich",NA
"2646 UgwIEs2De8uraD4LSZB4AaABAg","ãŠã„ãŠã„ï¼ï¼è©±ã™ã ã‘ã§æ¯åˆ‡ã‚Œã—ã¦ã„ã‚‹ã§ã¯ãªã„ã‹ï¼Ÿï¼",NA
"2666 UgxZwJQWc_gw8FWOqGV4AaABAg","Amis, das kann man sich nicht ausdenken",NA
"2705 UgwYLg6n9cciKCSBQQR4AaABAg","Peroidt",NA
"2773 UgwgPY9VAcHJzAzhwsZ4AaABAg","ğŸ˜‚this guy...",NA
"2783 UgwJ1WgDGIwCRn6-fq94AaABAg","Soo silly...",NA
"2798 Ugz6Lg3sFsx-7RQnxqd4AaABAg","20fird???????? pounds...smh",NA
"2801 UgwrNyUWoxsLvnWn3Ot4AaABAg","Ale ğŸ˜‚dupekğŸ˜‚ğŸ˜‚",NA
"2820 UgzDL4Wft0FK96xHI8V4AaABAg","Oh boy, ğŸ˜†ğŸ˜‚",NA
"2836 UgzvJqs-_p40kdkO4YZ4AaABAg","á‰£á‹­á‹°áŠ• áŠ á‹™áˆ®á‰µ áŠ áˆˆáˆ˜á‹á‹°á‰áˆ á‹­á‹ˆá‹›á‹ˆá‹›áˆ áŠ¥áŠ•áŠ® áŠ¥á‹°á‹›áğŸ˜‚ğŸ˜‚ğŸ˜‚ğŸ˜‚ğŸ˜‚ğŸ˜‚",NA
"2850 Ugydxn5pWMp70p6B8GR4AaABAg","The biggest heartğŸ˜‚ğŸ˜‚ğŸ˜‚ğŸ˜‚ğŸ˜‚ğŸ˜‚ğŸ˜‚ğŸ˜‚ğŸ˜‚ğŸ˜‚ğŸ˜‚ğŸ˜‚ğŸ˜‚ğŸ˜‚ğŸ˜‚ğŸ˜‚ğŸ˜‚",NA
"2922 UgwRnpAhdrucrKhZSyV4AaABAg","This joe with Ideia  .ideia ideia..",NA
"2935 Ugyd71ttQvNaLrKwClJ4AaABAg","49:15 - 49:22

JOE'S REACTIONS OMGğŸ˜­",NA
"2955 UgzPvOXCh8NMMaQotGx4AaABAg","DEMONCRATS DEMONCRATS DEMONCRATS",NA
"2977 UgwpmiHBYN9WEfY4is54AaABAg","https://sanalamhamdialkamari.blogspot.com/2024/06/blog-post_30.html?m=1",NA
"2980 UgzTpyx5kTums1aKgZB4AaABAg","#VetsforTrump!",NA
"2982 UgwogAwbcbUiTlIvBEl4AaABAg","ğŸ¤¡ğŸ¤¡ğŸ¤¡Show",NA
"3025 UgybPiNbEjXCzw7_MEh4AaABAg","Dystopian.",NA
"3030 Ugz8w_unrvjYzluhqrB4AaABAg","Bidenoke",NA
"3038 UgzU5BGhYAHlw0RVtmV4AaABAg","Bajdenjoâ¤",NA
"3074 UgwyL3B0gVYBOGNJdaR4AaABAg","ğŸ‡ºğŸ‡¸TrumpğŸ‡ºğŸ‡¸",NA
"3081 Ugw5PzI3LC6im4MI83l4AaABAg","NÃ£o hÃ¡ reforma na AmÃ©rica,  obrigam os velhotes a trabalhar atÃ© aos 100 anos.",NA
"3085 UgxKOI4vByxaGvjo7D14AaABAg","AL BAG DADDY",NA
"3120 UgxHtUjkpeenzptUbtB4AaABAg","Biden,liar incompetant",NA
"3121 UgxxzXkQwhQqpR7QN1x4AaABAg","10:36 ~ 11:16",NA
"3122 Ugy9thnMpLRo_ezxUSB4AaABAg","Bravo BAYDENâ¤ğŸ˜…ğŸ˜…ğŸ˜…ğŸ˜…",NA
"3124 UgxYA560ZsBKZ5cDFvN4AaABAg","á€…á€±á€¬á€ºá€€á€¬á€¸â€‹á€•á€¼á€±á€¬á€†á€­á€¯á€á€²á€· á€œá€°á€á€Šá€ºá€á€¬ á€€á€»á€†á€¯á€¶á€¸á€á€„á€ºá€·á€•á€«á€á€Šá€ºá‹",NA
"3126 UgxP9rXIylQ-zQ865l94AaABAg","á€šá€¥á€ºá€€á€»á€±á€¸á€…á€½á€¬ Demo á€€á€­á€¯á€’á€®á€”á€¾á€…á€ºá€•á€¼á€±á€¬á€á€¬ á€™á€¼á€„á€ºá€›á€œá€­á€¯á€· á€á€™á€ºá€¸á€á€¬á€•á€«á€á€šá€ºá‹ á€˜á€šá€ºá€á€°á€€ á€”á€­á€¯á€„á€ºá€á€„á€ºá€·á€á€šá€º á€†á€­á€¯á€á€¬ U.S.A á€•á€¼á€Šá€ºá€á€°á€€ á€¡á€–á€¼á€±á€‘á€½á€€á€ºá€•á€±á€¸á€™á€¾á€¬ á€–á€¼á€…á€ºá€•á€±á€™á€šá€ºá€· á€€á€»á€”á€±á€¬á€ºá€· á€¡á€”á€±á€”á€²á€· á€€á€¼á€¬á€¸á€”á€± á€¡á€šá€°á€€á€­á€¯ á€”á€­á€¯á€„á€ºá€…á€±á€á€»á€„á€ºá€•á€«á€á€šá€ºá‹",NA
"3133 UgzGPW40ZVnf_VUGwBx4AaABAg","á€¡á€­á€¯á€œá€² á€¡á€­á€¯á€€á€¼á€•á€«á€•á€¼á€®á‹ á€œá€°á€á€…á€ºá€œá€±á€¸á€á€½á€±á€€á€­á€¯ á€•á€¼á€Šá€ºá€á€°á€·á€€á€­á€¯ á€á€»á€…á€ºá€á€²á€·á€…á€­á€á€ºá€“á€¬á€á€º á€–á€¼á€…á€ºá€¡á€±á€¬á€„á€º á€™á€½á€±á€¸á€‘á€±á€¬á€„á€ºá€•á€±á€¸á€…á€±á€á€»á€„á€ºá€á€šá€ºá‹",NA
"3146 UgxU3l7WovPn-WuTZSh4AaABAg","Bat ba ako nanonood dito. May mas laking problema pa palang hinaharap yung bansa naminğŸ˜‚ğŸ˜­",NA
"3147 UgwKYXfAiWCzCRczrSx4AaABAg","Tramp iset Farrekt man
Tramp iset Farreta Farrekte Man Katastrofal.",NA
"3164 UgymHabhTC8IhLZYXEZ4AaABAg","â¤â¤â¤",NA
"3165 UgzD8LJ0HoK1JMvq-NR4AaABAg","MAGAâ¤",NA
"3216 Ugyf0QJZ9ru9Y7bruQR4AaABAg","Mozna prawdziwie  dostac bialej goraczki na to co sie tu slyszy
 - szczegolnie i wlasnie wywoluje szczegolna irytacje, nawet  agresje w miare sluchania tego lunatyka, Bidem,  gdy slyszy sie co to za nonsensy wygaduje ten lunatyk Bidem, ktory ma powazny problemy z wyslowieniem sie ,  mysleniemâ€¼ï¸,-ktory nie ma logicznej argumentacji jest to przerazliwie dziecinnie zaprzeczanie/zachowanie starego niesprawnego czlowieka bez klasy, a nie argumentacja ktorej mu po prostu brakujeâ€¼ï¸prawdziwie zenujace to co zrobil ze swoim krajem i tymi ludzmi tego amerykanskiego  kraju co nie jest to obojetne nawet poza granicami, gdzie miesza wszedzie ze swoimi mackami z innego kontynentuâ€¼ï¸ - a propo, co wogole robia Amerykanie porozrzucani masowo w starej duuuuzo starszej Europie niz jest Amerykaâ€¼ï¸ğŸ˜na innym kontynecie mowiac tam jak maja ci ludzie zycâ‰ï¸â€¼ï¸â€¼ï¸â€¼ï¸
Bidem czas juz w pore odejsc, oszczedzajac wielu kolejnych zenujacych osmieszajacych cie sytuacji pokazujac pelen obraz kim naaaprawde i jestes jaka tragedia nonszalancja/ arogancja z zerem empatii dla ludzi ğŸ˜
Bidem jestes marionetka oderwana od rzeczywistosci bardzo, bardzo mieszajaca w swiecie nagle jest balagan wszedzie nie tylko w Ameryce- ludzie czas sie przebudzic kto wami zarzadza i do czego was naprawde prowadziâ€¼ï¸ğŸ¤¥ğŸ˜",NA
"3220 UgwINAt-egypJhzjPgp4AaABAg","\"\" GREENVILLE TEXAS \"\"",NA
"3221 UgwRLqK1KieZ4VEq_AR4AaABAg","\"\" HI \"\"",NA
"3223 UgygwQsfmEMKrOsSlE94AaABAg","â¤",NA
"3230 UgwoKlbZW1lRyiy3lXF4AaABAg","Soooo....Trump \"\"wins\"\"?",NA
"3260 UgzdVSHsGZXk9iLZNzF4AaABAg","the man in senileğŸ˜‚",NA
"3289 UgwY-1ORng0Umt2oG2t4AaABAg","I was kidnapped with the private jet of european",NA
"3292 UgxKCtQRC0HnFpRoget4AaABAg","AĞ±Ğµ. Ğ¥Ğ¾Ñ€Ğ°Ñ‚Ğ° ÑĞµ Ğ¿ĞµĞ½ÑĞ¸Ğ¾Ğ½Ğ¸Ñ€Ğ²Ğ°Ñ‚ Ğ½Ğ° 64. Ğ¢ĞµĞ·Ğ¸ Ğ´Ğ²Ğ°Ğ¼Ğ°Ñ‚Ğ° ÑĞ° ĞµĞ´Ğ¸Ğ½ÑÑ‚Ğ²ĞµĞ½Ğ¸Ñ‚Ğµ Ğ² ÑĞ²ĞµÑ‚Ğ° ĞºÑŒĞ´ĞµÑ‚Ğ¾ Ğ·Ğ°Ğ¿Ğ¾Ñ‡Ğ²Ğ°Ñ‚ Ñ€Ğ°Ğ±Ğ¾Ñ‚Ğ°. Ğ’ĞµÑ‡Ğµ Ğ½Ğµ Ğ¼Ğµ Ğµ ÑÑ‚Ñ€Ğ°Ñ…. Ğ§Ğµ Ñ‰Ğµ Ğ½Ğ°Ğ²ÑŒÑ€ÑˆĞ° 60Ğ³. Ğ¢Ğ¾Ğ²Ğ° Ğµ Ñ‡Ğµ Ğ¿Ñ€Ğ¸ Ñ‚ÑÑ… Ğ½Ğ°Ğ¿Ğ¸ĞºĞ°Ğ²Ğ°Ğ½ĞµÑ‚Ğ¾ Ğ² Ğ¿Ğ°Ğ½Ñ‚Ğ°Ğ»Ğ¾Ğ½Ğ° Ğµ Ñ€ÑƒÑ‚Ğ¸Ğ½Ğ½Ğ° Ñ€Ğ°Ğ±Ğ¾Ñ‚Ğ°. ĞšÑƒÑ„Ğ°Ñ€Ğ¸Ñ‚Ğµ ÑĞ° Ğ¿ÑŒĞ»Ğ½Ğ¸. Ğ¡ Ğ½Ğ¾Ğ²Ğ¸ Ğ³Ğ°Ñ‰Ğ¸ Ğ¸ Ğ¿Ğ°Ğ½Ñ‚Ğ°Ğ»Ğ¾Ğ½Ğ¸. Ğ¢Ğ¾Ğ²Ğ° Ğµ Ğ»ÑƒĞºÑ. Ğ‘ĞµĞ· Ğ´Ğ° ÑĞ¸ Ğ²Ğ°Ğ´Ğ¸Ñˆ Ğ¾Ğ½Ñ Ñ€Ğ°Ğ±Ğ¾Ñ‚Ğ°. ĞÑ‚ Ğ³Ğ¾Ğ´Ğ¸Ğ½Ğ¸ Ğ½Ğµ ÑĞ¸ Ñ Ğ´Ğ¾ĞºĞ¾ÑĞ²Ğ°Ğ». ĞĞ¼Ğ° Ğ¿ÑŒĞº ÑĞµ Ğ¼Ğ¾ĞºÑ€Ğ¸Ñˆ.",NA
"3308 Ugzc2ro2r463WkGZd8R4AaABAg","Kompromitacja.",NA
"3344 Ugx-Pp9VyQuL9UnYe9d4AaABAg","Bidenâ¤",NA
"3350 UgynNqmUAe_oV5vQnN94AaABAg","JOEY JIBBER JABBER!!!ğŸ˜³ğŸ˜³ğŸ˜³ğŸ˜³ğŸ™ˆğŸ˜µâ€ğŸ’«ğŸ˜µâ€ğŸ’«ğŸ‘€",NA
"3353 Ugxfzp4rmrOav_kg8Rd4AaABAg","Motley: D.A.N.G.E.R. in Hollywood",NA
"3356 Ugxja2uCZ16gQ0OyZIp4AaABAg","What a bloodbath .",NA
"3362 UgxZjzucnNT5wpIbq3d4AaABAg","Zar je moÄ‡na Amerika spala na dva starcağŸ˜¢ğŸ˜¢",NA
"3366 UgxBGZeVPbLqmOi5pvl4AaABAg","Dauglas mouser ğŸ˜®",NA
"3367 UgwzDacsS-8S3T8ZPp54AaABAg","Kory parks",NA
"3368 UgyqDVZiYTiyNFNKE2F4AaABAg","Janice braughler",NA
"3369 UgzL8gFtV3h6cTi_Cex4AaABAg","Neil bloom",NA
"3370 Ugx1vPaw_J00kC9OWcR4AaABAg","Neil bloom",NA
"3379 Ugx-X6AzKfaDIBuADxN4AaABAg","Llewellyn ğŸ‰",NA
"3392 Ugy3HwklrXcPabxOK2J4AaABAg","120 $   try 200 $",NA
"3432 UgxC5PNon_T2RuPStfh4AaABAg","K",NA
"3477 UgyceBz3YTwKon9Hcjd4AaABAg","And by the way... blublublublublub... and by the way... blublublublublub",NA
"3480 UgxPCsLwtXDPM1rwYUN4AaABAg","TRUMPğŸ‰ğŸ‰ğŸ‰ğŸ‰ğŸ‰",NA
"3489 UgxlfWYjiXz2aPIOQOp4AaABAg","20:40 ğŸ¤£",NA
"3497 UgxOhTILwOHpEMPJoPh4AaABAg","The punchline is at 10:12 - 11:20 ğŸ˜ŠğŸ˜Š",NA
"3591 UgxgcjKDRV8BJkTgE2V4AaABAg","TRUMPâ¤â¤â¤â¤",NA
"3598 Ugze0oxb24JSlZHZSZ14AaABAg","Iâ€™m curious if there are calculations for breast size via genetics.",NA
"3612 Ugwjaa-2pq0g_L114V54AaABAg","Dela unicorn forma que botarmos por donal tromp es que le pongan el microchip en el servers para que le Regule lo pensamientos",NA
"3629 Ugx4hx_kKPs3d7GJUKt4AaABAg","Aster tromp deberia aserle esleep weprocro  como es eso con arpayo de arizona",NA
"3632 UgzOEtNUPhU0YoqpVl94AaABAg","#RUTOMUSTGO",NA
"3687 Ugy9F-iXo73RMO2acDV4AaABAg","Heavily edited... ğŸ˜¢",NA
"3692 UgxLPrNYtNK4i6FhsnN4AaABAg","is this laurel and hardy?!!",NA
"3704 UgxNYXRae1flBtynR714AaABAg","Ğ¢ĞµĞ¿ĞµÑ€ÑŒ Ğ²Ñ‹ Ğ¿Ğ¾Ğ½Ğ¸Ğ¼Ğ°ĞµÑ‚Ğµ Ğ¿Ğ¾Ñ‡ĞµĞ¼Ñƒ Ñ€ÑƒÑÑĞºĞ¸Ğµ Ğ²Ğ¼ĞµÑˆĞ¸Ğ²Ğ°ÑÑ‚ÑÑ Ğ² Ğ²Ñ‹Ğ±Ğ¾Ñ€Ñ‹? ğŸ˜…",NA
"3719 UgwRoGzRq5mqtyJWdxh4AaABAg","Sleept joe",NA
"3727 UgzHhxW2jlJ5pSxkEdp4AaABAg","ĞÑ‚Ğ¿ÑƒÑÑ‚Ğ¸Ñ‚Ğµ ÑƒĞ¶Ğµ Ğ‘Ğ°Ğ¹Ğ´ĞµĞ½Ğ° Ğ½Ğ° Ğ¿Ğ¾ĞºĞ¾Ğ¹! Ğ•Ğ¼Ñƒ Ñ‚ÑĞ¶ĞµĞ»Ğ¾. ĞĞ½ ÑƒĞ¶Ğµ Ğ·Ğ°ÑĞ»ÑƒĞ¶Ğ¸Ğ» Ñ‚ĞµĞ¿Ğ»Ñ‹Ğ¹ Ğ¿Ğ»ĞµĞ´, Ğ¼ÑĞ³ĞºĞ¸Ğµ Ñ‚Ğ°Ğ¿Ğ¾Ñ‡ĞºĞ¸ Ğ¸ ÑĞ¸Ğ¼Ğ¿Ğ°Ñ‚Ğ¸Ñ‡Ğ½ÑƒÑ ÑĞ¸Ğ´ĞµĞ»ĞºÑƒ.",NA
"3752 Ugyj3i8zzZDGIA2N2Nt4AaABAg","Ww.",NA
"3754 UgxcTjG5QzOwKXFTRI94AaABAg","â¤",NA
"3761 UgwgMrFKuMPirH4PU-N4AaABAg","5:57",NA
"3769 UgxDuJWQkJPSlHaZRVB4AaABAg","à¦¦à§à¦œà¦¨à§‡à¦‡ à¦®à¦¿à¦¥à§à¦¯à¦¾ à¦•à¦¥à¦¾ à¦¬à¦²à§‡",NA
"3788 UgwFm1oyb9AWL1fqngl4AaABAg","1:26:35 he does not blink. What is he on ğŸ˜‚?",NA
"3806 UgyclnL6jpaqhVUO5Cx4AaABAg","COMEDY GOLD ğŸ˜†ğŸ˜†ğŸ˜†",NA
"3818 UgzoEmiFSG5DDQxUX254AaABAg","what the sigma ğŸ’€",NA
"3819 UgwKKnFN5vE8o_F5NMV4AaABAg","ğŸ˜‚ğŸ’€",NA
"3823 UgwpBQ0M7kfhdTkt_lV4AaABAg","You did it Joe.",NA
"3852 Ugyr-PzJpGCA84xowwF4AaABAg","Is this SNL?",NA
"3882 UgzQhu4fIaT6jbYBa7p4AaABAg","16:30 what?",NA
"3898 Ugy6jNOJ5RVMUHLGmQN4AaABAg","Awas pd2 in jerman digu.",NA
"3900 Ugw3KuNyqRiqqprqO_Z4AaABAg","Antemi sedunia tetoris yo mboh hirokan heng kiro2 digu nganu uwongâ˜»ï¸ğŸŒ",NA
"3909 UgwC-xs9W0Rz2Kxa89B4AaABAg","MAGAğŸ‰â¤â¤â¤â¤",NA
"3924 UgyNmUQesrCyXwKZLA14AaABAg","Yup hypocrites",NA
"3931 UgylldnMrCtV9BsLmNt4AaABAg","ğŸ“¡ğŸ“ºğŸ“½ï¸ğŸ’ŠğŸ¦ ",NA
"3933 UgyGJG-gWJSurFqpZTh4AaABAg","ğŸ˜¢ğŸ˜¢ğŸ˜¢ğŸ˜¢",NA
"3935 Ugx11hD-tLiSL74kmPB4AaABAg","ğŸ˜¢",NA
"3946 UgxNLo-1b6VVA8UMvwl4AaABAg","pra quem entende o que esta sendo dito pode perceber que como sempre ambos falam a pura verdade",NA
"3949 Ugy7om-QsfS09AI2-Md4AaABAg","Why are their ties so horribly done?",NA
"3969 UgyrLmgV-hh8tFRyF3V4AaABAg","23:45",NA
"3981 Ugyg2NVr1DoyK7yTp5B4AaABAg","Bb",NA
"4011 UgzlX6j5iT9g20i6yS14AaABAg","Trumpâ¤â¤â¤",NA
"4020 UgxWQMvXA1--LRVyHL94AaABAg","11:45",NA
"4022 Ugzm1F7h2CfrlScYYiN4AaABAg","Wes ina â˜»ï¸âœ…ï¸",NA
"4025 Ugz1RA1-3y-S1JYXxeB4AaABAg","ã‚ã—ãŸã®ã‚¸ãƒ§ãƒ¼",NA
"4027 Ugyqj-T6Xf-o-5VNRUp4AaABAg","Ğ­Ñ‚Ğ¾ Ğ´ĞµĞ¹ÑÑ‚Ğ²Ğ¸Ñ‚ĞµĞ»ÑŒĞ½Ğ¾ Ğ·Ğ°Ğ±Ğ°Ğ²Ğ½Ğ¾, Ğ¿Ğ¾Ñ…Ğ¾Ğ¶Ğµ Ğ½Ğ° ÑˆĞ¾Ñƒ. ĞÑƒ Ğ¼Ñ‹ Ğ² Ğ Ğ¾ÑÑĞ¸Ğ¸ Ğ±Ğ¾Ğ»ĞµĞµĞ¼ Ğ·Ğ° Ğ‘Ğ°Ğ¹Ğ´ĞµĞ½Ğ°ğŸ˜… Ğ¾Ğ± ÑÑ‚Ğ¾Ğ¼ Ğ¾Ñ„Ğ¸Ñ†Ğ¸Ğ°Ğ»ÑŒĞ½Ğ¾ Ğ·Ğ°ÑĞ²Ğ¸Ğ» ĞŸÑƒÑ‚Ğ¸Ğ½ ĞºĞ¾Ğ³Ğ´Ğ° ĞµĞ³Ğ¾ ÑĞ¿Ñ€Ğ¾ÑĞ¸Ğ»Ğ¸",NA
"4040 UgyfNpu_LrzsM96r_pB4AaABAg","â€¦ Ğ´Ğ°â€¦",NA
"4052 Ugz_w_kQgJs-_xbi8Ex4AaABAg","Betul kok patung damaiğŸ˜‡ğŸ–",NA
"4053 Ugx0_-9m9LhSvd7uubt4AaABAg","Koh siap hhâœ…ï¸â˜»ï¸ğŸŒğŸ¥",NA
"4054 Ugy7MBYl8abJ1hQnXzN4AaABAg","Us Ã·Ã·Ã·Ã·



=",NA
"4055 UgwMGivd30VSo8W5Chd4AaABAg","Biasa onok lahh vitraâ¤",NA
"4056 UgwQgyBPV5XHrHkwE1R4AaABAg","Bahaya yo den tamake yo mboh koh siapğŸ˜‚",NA
"4063 UgzeyIuW7UJ5sXlhJcN4AaABAg","All you do is lie Joe.",NA
"4071 UgyZGNPEAl2iYadzMmh4AaABAg","Wow ğŸ˜®",NA
"4073 UgxjFVWI_5qSSsMQC4h4AaABAg","ğŸ˜‚",NA
"4084 Ugzj2AYarnjhr5V87xl4AaABAg","ğŸ¤¦ğŸ¾â€â™€ï¸ğŸ˜©ğŸ«£",NA
"4091 Ugw7Xd-LsRVaUkBY_E54AaABAg","Tremp â¤",NA
"4100 UgyVGDeZlJDj7g7S_xV4AaABAg","Ask him what a computer chip does",NA
"4101 Ugz1RdzL0Z74nzt6LQt4AaABAg","Heâ€™s way to old",NA
"4107 UgwboXm8eKCffJ6OJOd4AaABAg","Joes worst appearance yet.",NA
"4131 UgwqCb3ULe9WN4FVIxZ4AaABAg","Apik turb bugattlwori in jermany.comiportâ¤",NA
"4132 UgwBTv3KanAN7y8xx5R4AaABAg","Lemah2e kan gebuki bareng teror kokâœ…ï¸ğŸŒ",NA
"4133 UgyGtk0IOkQq20gxXIl4AaABAg","Peta barang mane isin dll pinter japan iki yo tetep lare tni letekğŸ˜‚â¤",NA
"4134 UgwIlWc5Fxv-vD6QS_J4AaABAg","ğŸ˜‚â¤ğŸ‘",NA
"4135 Ugwzarb50jMVCGtEFGF4AaABAg","Oknum parane itu corps",NA
"4139 UgzJeK0n9_k9bbtHNgR4AaABAg","Lindungi lare q us dll kok otak digu2 dw wes apik ğŸŒğŸ¥âœ…ï¸ğŸ‘",NA
"4141 UgxcTxagY4kN1axEhjd4AaABAg","Yo dll kok pasang2 finsâœ…ï¸ğŸ¥ğŸ‘",NA
"4142 UgzBwQcz0NF75rRekf94AaABAg","Perangg ee tni woihh asu auu alustğŸ˜‚",NA
"4143 UgyBTPXK5UM4-gT0P6J4AaABAg","Iok di jerman siro us bedebah buku pd2â¤",NA
"4152 UgyHmDhEe05Wwa1_lf14AaABAg","ğŸ˜‚â¤",NA
"4215 UgyY4E1FjFien9omjzd4AaABAg","manchurian candiddate ğŸ˜‚ğŸ˜‚ğŸ˜‚ğŸ˜‚ğŸ˜‚ğŸ˜‚ğŸ˜‚ğŸ˜‚",NA
"4237 UgwLD1eJvdOfsgkNg_p4AaABAg","åŒ»ç™‚ã‚’å£Šã—ãŸã£ã¦ãƒã‚¤ãƒ‡ãƒ³è¨€ã£ãŸï¼Ÿè‹±èªè‹¦æ‰‹ã ã‹ã‚‰ã‚ˆãã‚ã‹ã‚‰ã‚“ã‘ã©ãƒˆãƒ©ãƒ³ãƒ—ã‚‚ãã†ã ã­å£Šã—ãŸã­ï¼ã£ã¦è¨€ã£ã¦ãŸï¼Ÿã‚ˆãåˆ†ã‹ã‚‰ãªã„ãªã€‚
æ—¥æœ¬ã§ã¯ã‚´ãƒ«ãƒ•ã®è©±é¡Œã°ã‹ã‚Šãƒ‹ãƒ¥ãƒ¼ã‚¹ã§æµã‚Œã¦ã‚‹ğŸ˜®",NA
"4260 Ugz5Oi8j6ZSh1NKr30V4AaABAg","Yep",NA
"4261 UgyUI60QaVBX_XXLMPV4AaABAg","He is so twisted.",NA
"4265 UgyO8d4pLr0XwuRRlzJ4AaABAg","Omg pitiful.",NA
"4298 UgwMdQ5VAXEnFBHDnf54AaABAg","I pity you all in the USA if this is your choice,tragic,and sad too",NA
"4318 Ugwb1B6qwiMx8hC0lSJ4AaABAg","Isrealies. HAWAIINS! WHAT ARE WE DOING",NA
"4324 Ugw-xGOTxwvZOu6uEKl4AaABAg","Again, you're not the father! Lol",NA
"4330 UgxOC1pqXQ8HxqtbLm14AaABAg","SAD",NA
"4345 UgxjkXltNVQLZEoP27R4AaABAg","ç‰›é€¼å•Šã€‚æœ‰é—®é¢˜å°±ç”©é”…ï¼Œç…½åŠ¨æƒ…ç»ª",NA
"4371 Ugzx88VG25telqirwf14AaABAg","YES",NA
"4381 UgxuNSQWaViTmsC6kCx4AaABAg","Yer the sucker!",NA
"4383 Ugydh4T3wyKDT08Ejcx4AaABAg","ç§ã¨å­ä¾›ãŸã¡3äººå…±ã«ãƒˆãƒ©ãƒ³ãƒ—æ”¯æŒè€…ã§ã™ã€‚
æ—¥æœ¬ã®åœ°ã‹ã‚‰å¿œæ´ã—ã¦ãã¾ã—ãŸã€‚ã“ã‚Œã‹ã‚‰ã‚‚å¿œæ´ã—ã¦ã„ã¾ã™ğŸµğŸµğŸµğŸµğŸŒˆ",NA
"4385 UgzGPzeMBav5Pk0DoTh4AaABAg","Menengo hhh utekâœ…ï¸",NA
"4394 UgxhU6poFDSK-AAqYA14AaABAg","âœ…ï¸ğŸ¥",NA
"4398 Ugz0FhgjoLwfvxTWIM14AaABAg","In masok akal jho bydenâ¤",NA
"4399 UgyClQFr9cR0h9eYb9l4AaABAg","ğŸ™‹ğŸ™‹ğŸ™‹",NA
"4400 UgxraHusxGffCVaV-xN4AaABAg","57:30",NA
"4406 UgxOTy5YLFTIJYoTcV54AaABAg","ğŸ‰",NA
"4413 Ugwv6gv9ofrET34rq3F4AaABAg","This is dull",NA
"4426 UgzXjWSuzamBEW1_3Td4AaABAg","They compete over who is the worst!!
How ironic...",NA
"4431 UgwN7OTtjq65chbi69Z4AaABAg","BidenğŸ˜®",NA
"4461 UgzrR_HdwDNCxbeG8rV4AaABAg","How did we get here with these two ğŸ¤¦ğŸ»â€â™€ï¸",NA
"4463 UgyiYz0SQ2Y9_yhZUZB4AaABAg","Ğ¯ Ğ² ÑˆĞ¾ĞºĞµ..",NA
"4501 UgwqhqXSrnJwKNdxPzx4AaABAg","FJB",NA
"4513 UgzjZQTK0K8SFRYQkQh4AaABAg","1:09:21
Illeagal ALIENS???????",NA
"4526 UgzaU4V_OvI-KIcs14p4AaABAg","ğŸ˜’vsğŸ˜®",NA
"4529 UgyKcgi5zk8yDemWM014AaABAg","Ğ¡Ğ¼ĞµÑˆĞ½Ğ¾ğŸ˜‚",NA
"4537 UgwyEvBObiqykJnhaJN4AaABAg","Can I chat with you here",NA
"4538 Ugy4rdzqcjeeEq7Di0d4AaABAg","Hello I am here how are you",NA
"4549 UgzWfxCImuyGDa5-U0p4AaABAg","Granny vs Annoying orange",NA
"4554 UgyxNribzLF0X7yt_sx4AaABAg","we are cookedğŸ™",NA
"4558 UgzTt81u64SHcaBwG4R4AaABAg","TrumpğŸ‰ğŸ‰ğŸ‰ğŸ‰",NA
"4565 UgwalC20I24DgRHBRrx4AaABAg","Exclunde Hugary the EU",NA
"4570 Ugz38nmlyBP3Ac0vO014AaABAg","ğŸ˜…ğŸ˜…ğŸ˜…ğŸ˜…",NA
"4576 Ugx_T1SsYYW0iAoBagx4AaABAg","Unreal",NA
"4578 UgxP6OazxcsRGPdc5Hp4AaABAg","plague or kolera",NA
"4579 UgycmmgG-M3TigqhXEx4AaABAg","Lareki bunder seng beres auuğŸ˜‚",NA
"4580 UgzYk8L9BtZxZ2tYJyN4AaABAg","Seng masok akalâ¤",NA
"4583 Ugwn35K-pFLCAeZjU5x4AaABAg","Klambi lanah ison bainğŸ˜¢",NA
"4584 Ugx05t8t7IwbVyQYxDp4AaABAg","Lorong kok",NA
"4585 Ugyum3zT3psbREIlsY14AaABAg","Sampek coklat korep biadeh ndane seng sadarğŸ˜¢",NA
"4587 UgzyG-9xoTXo3OgpFSB4AaABAg","Meri ngetemğŸ˜‚",NA
"4591 UgxQK8Kk3T3_8kKaaz94AaABAg","TRUMPâ¤",NA
"4617 UgxcvdR5Ys2Lu1wceLl4AaABAg","ä¸­å›½äººå¯ä»¥è¯„è®ºå—ğŸ˜‚ğŸ˜‚",NA
"4627 Ugxqi5-r1X-9pe8UlA14AaABAg","Usa is a fentanyl zombie",NA
"4661 UgzWcKhFrz4uljJULgZ4AaABAg","1:00:25",NA
"4676 UgwvKVr3iguglbkkLNB4AaABAg","They both do not use toilet paper?",NA
"4694 UgwS6axbPEpQWsKFUyl4AaABAg","From where  this  .ğŸ˜‚ğŸ˜‚ğŸ˜‚ğŸ˜‚ğŸ˜‚ğŸ˜‚ğŸ˜‚ğŸ˜‚ğŸ˜‚ğŸ˜‚ğŸ˜µ",NA
"4698 UgzrvwQeFGw7uIdmX3J4AaABAg","In indonesia nang sarap rokok ojok narkoba jareâ¤",NA
"4701 Ugzy5mmyGpTmmR8ht5J4AaABAg","Wes ta bushâ¤",NA
"4705 UgxUtIH0UbKhbqQQLjl4AaABAg","\"\"The idea\"\"ğŸ˜‚",NA
"4709 Ugyy5RcZqRkqooGTMc14AaABAg","W H E R E  I S  H U N T E R ?
W H E R E  I S  H U N T E R ?
*W H E R E  I S  H U N T E R ?*",NA
"4710 Ugw_CHoNzLG0Zd-6f7V4AaABAg","â˜»ï¸",NA
"4721 UgzLYA-R-0Y0Qm-155B4AaABAg","Ngisin2 iku teknik api2 apik mbalik maningâ¤",NA
"4722 Ugww75dBD1QmMli-9c54AaABAg","1.11.26 ğŸ‘ğŸ‘ğŸ‘",NA
"4725 UgzCzPCUyCJ3YzHGNZd4AaABAg","Mane ngedep2 koyo hitler 1st us jayaâ¤",NA
"4727 Ugy1F5TCUN7QkgTrBB54AaABAg","Ù‚Ù†Ø§Ø© Ø§Ù„ÙŠÙ‡ÙˆØ¯ Ø§Ù„Ø°ÙŠÙ† ÙˆØ§Ù„Ù…Ø°ÙŠØ¹ÙŠÙ† ÙŠÙ‡ÙˆØ¯",NA
"4733 Ugy3CzeVpnx19SzAcul4AaABAg","Jogetan hee bermudağŸ˜‚",NA
"4739 Ugw_t5hbbHVotCaS_5R4AaABAg","Yo digdaya tukang jarah teko oser dllâ¤",NA
"4750 UgyeICC2A8inMAuN0vp4AaABAg","RFK JR 2024 ğŸ‡ºğŸ‡¸ğŸ‡ºğŸ‡¸",NA
"4755 UgzZANo08uk9BA3yM3t4AaABAg","FCNN.  FMSNBC",NA
"4763 UgwHyjR_KLK3DNZVOAB4AaABAg","Agent Tapper",NA
"4764 UgxTUShfe4Ya32kEvlV4AaABAg","Agent Tapper",NA
"4770 Ugy2JSMBtQmGpWI3IIV4AaABAg","å·æ™®ï¼šğŸ¤”ğŸ˜ğŸ˜¤ğŸ¤¨
æ‹œç™»ï¼šğŸ˜”ğŸ˜”ğŸ˜ŸğŸ˜¬
æ‹œç™»çœŸçš„å¤ªè€äº†ï¼Œæ¼”è¬›è¾¯è«–çš„åŠ›æ°£éƒ½æ²’æœ‰ï¼Œåæ‡‰ä¹Ÿæ…¢äº†ä¸€äº›ï¼Œä»–æ‡‰è©²å¾…åœ¨å…¬åœ’ä¸­é™ªä¼´å°å­©åƒå†°æ·‡æ·‹ğŸ˜¢ğŸ˜¢",NA
"4781 Ugzu4dnPpoH6w_bDMx94AaABAg","Us teck wesâ¤",NA
"4787 UgzBMkxNHoVjhj0_D_14AaABAg","1:10:27 ğŸ’€",NA
"4792 UgzF_AcGJDFghvMaiQp4AaABAg","2024 freakshow",NA
"4795 UgyB-K4B2M1eAFrgp1p4AaABAg","Asik in amuke wong banyuwangi kekâ¤",NA
"4796 UgwMmzBQetUxcfl-6OJ4AaABAg","Bomm bain heng ndue wes ojok digu paham madep makelarğŸ˜‚",NA
"4800 UgwUAk8uO_IcZMTSuft4AaABAg","ğŸ¥ğŸ¤¯",NA
"4801 Ugz55fBJs0jN5rS-C_J4AaABAg","â¤",NA
"4802 UgzkItXqd60VHxOT5qB4AaABAg","Ksatria non blok nang ndi mau mosok onok ksatria masitiâ¤ğŸ˜‚",NA
"4803 UgzbDDUH9IYlePm6N1p4AaABAg","Ojok digu kelas berat logis kroso ziang â¤",NA
"4804 Ugzqhar2NFklbAFEMNZ4AaABAg","Pscmen mlebu2 mosok sikuâ¤",NA
"4805 UgxtAEuSfFI4qLfG1Q54AaABAg","Kerat marineğŸ˜®",NA
"4806 Ugyv-X99OQFy0cIFMSd4AaABAg","ğŸ˜®",NA
"4807 Ugzv-2uDHnUaLe4JCSB4AaABAg","Koyo wawasene muloğŸ˜®",NA
"4808 UgzCb5pZNkCUfsRlY_d4AaABAg",">ğŸ˜‚ğŸ˜…ğŸ¥²",NA
"4809 UgxjXk09svH3kfRWa-d4AaABAg","Awas pacmen siku hiro ngimpi kuda2 sengade gk onokâ¤ğŸ˜‚",NA
"4810 Ugwb32oRSVZHmuGQTgl4AaABAg","1th digu yo barang kan wes kelas berat kok cekelâ¤",NA
"4813 UgwkmAVCxVIqyI08x5B4AaABAg","ğŸ¥ŠğŸ‘",NA
"4814 UgwBtFwfcVATs9zVxx54AaABAg","Ketemu maning mereng ketep dllâ¤",NA
"4815 UgzfT9IWYdYDAA2RGOV4AaABAg","Arane muslimâ¤",NA
"4817 Ugz9fCMAUAeAwf4Mf8d4AaABAg","Wes mbayangâ¤",NA
"4818 UgxkX9WEjEoaSVMQmkJ4AaABAg","â¤",NA
"4819 UgySV9owVj194on98Wx4AaABAg","â¤",NA
"4820 UgyIs1xEsGZML6xC2mx4AaABAg","â¤",NA
"4821 UgxNig5sogAl-2pWlJZ4AaABAg","Silver",NA
"4823 Ugx4s2QkugwE4Tok7UV4AaABAg","Barang terusane nyoto biadeg itâ¤.",NA
"4825 Ugygv5HloyRZAeHwY7p4AaABAg","Aidi pp Ki ğŸ˜‚eropia yee",NA
"4827 UgwY_-KU9bmQan-X54l4AaABAg","Kok tukang jemper yudiâ¤",NA
"4828 Ugzb6iesSJW5Kz_F0rd4AaABAg","Eropa memang lareku kok bugatti lewatâ¤",NA
"4833 Ugzrj0WCi4nYRLTMROF4AaABAg","â˜»ï¸",NA
"4837 Ugy8C2yZpAwD6x8lU4h4AaABAg","ğŸ¥ğŸŒâœ…ï¸ğŸ˜",NA
"4838 Ugz6mwnMaWBUt8maF3d4AaABAg","Ketemune nang bali turism iku wangi hiro tok badeg asing dllâ¤",NA
"4839 UgzHjboQ6KCS__VDtsN4AaABAg","Lusuh buru sadar yoroâ¤",NA
"4849 UgwhhuyloCg-c4Gdxex4AaABAg","Wes us yo wes iku tok bush tulien ta wasalam imam mahdiâ˜»ï¸",NA
"4851 UgzHLu3eMAQOqTOWD6B4AaABAg","Nang konok perang mosok â¤",NA
"4854 UgwhYAbk0EbkwanPrdR4AaABAg","It qâ¤ğŸ˜‚",NA
"4855 UgwATUgP6Q87mChB_oF4AaABAg","Mane pidatoâ¤",NA
"4856 UgyQily9SZqghOE_msJ4AaABAg","Isonâ¤",NA
"4857 UgzIh5B7QOOux8U_VdJ4AaABAg","Acake trumpâ¤",NA
"4858 UgzqpP8reko-7ADzKoN4AaABAg","Ngotek apik siro diguâ˜»ï¸",NA
"4859 UgyGc38hmHw4VqEjWJ94AaABAg","Lareki anu lare sak pandangan dewek di dewk pinter tambaiâ˜»ï¸",NA
"4878 UgyARvJHvsLSz87_zM14AaABAg","Sad",NA
"4899 UgyKnDSwGTtQOyQjTst4AaABAg","El presidente tiene la capacidad para estar dos periodos mas.",NA
"4905 UgyYlHJMFW1mDy-cIUp4AaABAg","MACIE   MOWIC    DO   LUDU   A NIE  SIE  OCENIAC  !!FERST!!!!!!!!RZADA   NORMLNY   JESZCZE  PRZED   UZYCIEM     WASZEGO   NARKOTYKU!!!! !!!   !ZNOWU     ZRE   ZABIERA  CZAS  CO  MOZE DAC   NIE  ROZUME  AMERYKA????",NA
"4915 Ugy3N4he9SX5115LJVZ4AaABAg","ğŸ˜…",NA
"4918 UgxyCV2Ax-QvLUxyS0x4AaABAg","NIE    DOPUSZCZALNE   NIE     SPRAWDZENIE       TESTEM!      NARODY     SIE   UPOMINAJA!!!!!NIE    PRYWATNE   UKLADY            MAMONY    TA!!K   STOI      AMERYKA!!!!!!!!! OT CO ? RZADAMY!!!!!??JEZDZIL !!DO  LEKARZA   W NY   GDY  NAPISALAM   SWIATLO  WSTRET   PO NARKOTYKACH",NA
"4923 UgwapBASgfWM3MiqCzx4AaABAg","å¯æƒœæˆ‘æ²¡æœ‰æŠ•ç¥¨æƒï¼Œä¸ç„¶æˆ‘ä¸€å®šç»™ç‰¹æœ—æ™®æŠ•ä¸€ç¥¨ï¼Œè¿™å“¥ä»¬å¤ªé€—äº†",NA
"4932 UgzdJQE19a5Txl0PUK14AaABAg","It's over. We are done.",NA
"4940 Ugx5dGyPLFHk78xe_Vt4AaABAg","Smoked.",NA
"4944 UgwEkm5CBe9W1Jt7TEp4AaABAg","Both of them are too Old and they should not greedy",NA
"4964 Ugxtzl98OWtr_3wi0LB4AaABAg","ğŸ˜‚",NA
"4965 UgzLn-q5hvI5k6JGJ_N4AaABAg","ğŸ‘€",NA
"4974 UgxmOTwfiLcPN7HWYx54AaABAg","21:22

21:33

22:45

26:26

1:05:26",NA
"4978 UgzyvwCrko25rFP3rdV4AaABAg","hearsay",NA
"4987 UgwEZDUQp6MbcSxH63t4AaABAg","TRUMPâ¤",NA
"5005 UgxsPpU8A4r7mRlEh7V4AaABAg","bidden is an a mbaÅ•rasmÃ¨nt",NA
"5011 Ugw8mK4mNIu7nhHLv554AaABAg","ğŸ˜…",NA
"5018 Ugz9H6NCoCvXX-mNDEB4AaABAg","Donny is the man.",NA
"5027 Ugy5WN1P1gc6g_NxIE54AaABAg","32:00 ha",NA
"5034 Ugyrpnhq45KbwYHK_jx4AaABAg","Rfk",NA
"5054 UgwB0zjLUMcpZkt8WnF4AaABAg","ğŸ˜‚ğŸ˜‚ğŸ˜‚made my day awesome",NA
"5059 UgwSSy16kGMbwcDI5yt4AaABAg","Ok",NA
"5061 UgxjmY6Eq4yTk4ICA_d4AaABAg","Trump2024â¤â¤â¤",NA
"5065 Ugz6DZ9jjuIhTh8DG0x4AaABAg","ğŸ‰ğŸ‰ğŸ‰",NA
"5067 UgzZ70xGFsk0TZBCpIR4AaABAg","Ø§Ù„Ø¨Ø¯Ø±Ù‰ Ù…Ø³Ø¹Ø¯ Ø§Ø­Ù…Ø¯ Ù…ØµØ·ÙÙ‰ â€â€ª0:20â€¬â€",NA
"5073 Ugz1QATFLpFQthmbZGB4AaABAg","Di ipat bush q iki kok kok anak qâ¤",NA
"5074 UgxUfLr4WLtZJGXF1eF4AaABAg","Mboh hiro mikiri mosok he trumpğŸ˜‚ğŸ˜¶â€ğŸŒ«ï¸âœ…ï¸",NA
"5076 UgyjRyq5y0F9SwauYb14AaABAg","Wes ison digu iki kok kan siapâ¤",NA
"5078 UgxtzDQJL4fXwH7n7Ol4AaABAg","ğŸ˜‚ğŸ˜‚ğŸ˜‚â˜»ï¸",NA
"5086 UgyBOwWd4eEmERowc0F4AaABAg","It's so wonderful",NA
"5092 Ugxhx8gjI__dWIQLeUF4AaABAg","ğŸ˜‚",NA
"5117 UgxTtWhC8c-cX73NUit4AaABAg","Wasalamâ¤",NA
"5118 Ugyt391SI31wlvpRedN4AaABAg","Mereng kabeh sadengâ¤",NA
"5119 UgxS2TnZypiaXLark6h4AaABAg","Diewarah ali cs q â¤",NA
"5120 UgyM1IXV1bNP9VAZOjV4AaABAg","Kelas berat iku qğŸ¥Š",NA
"5124 UgxCMVHDzKLsOgdp7SV4AaABAg","Tubolens finsâœ…ï¸â˜»ï¸ğŸ¥usğŸŒğŸ’›",NA
"5127 UgzMc-EOoaQDiWz6nrd4AaABAg","Sarapâ˜»ï¸ğŸŒğŸ’›",NA
"5131 UgxY9uvw-GptcexlZ_94AaABAg","â˜»ï¸ğŸŒğŸ¥âœ…ï¸",NA
"5141 Ugy5sZNhk4BaWvFv1uV4AaABAg","Wow",NA
"5152 UgzQhHGVGt9VqQPUBg14AaABAg","ğŸ˜Š",NA
"5166 UgzxbnkrYtUQSMjzpSt4AaABAg","..",NA
"5167 UgzEY3-g_v8sVX77CQh4AaABAg","â•ï¸  .",NA
"5170 UgxHTFwYZsW-Mh66z0x4AaABAg","Koh gu[yon sopok siap kono lw bug ori jajalen in caacuration in jerman teknologysâ¤",NA
"5175 UgwjQ7A92gKbRwI6JRh4AaABAg","Nawi paen2 usâ˜»ï¸",NA
"5176 UgyqoSavUbvb5CmbHAF4AaABAg","Amuke wong banyuwangi â¤",NA
"5177 UgzKB0I2hCHz93hs8_F4AaABAg","Mane rodokâ¤",NA
"5210 UgxF-Yub5-_Rh7YsHYZ4AaABAg","24:15 ğŸ˜­ğŸ˜­",NA
"5215 UgxlILhlukm-5_4FMQ14AaABAg","\"\"I skibidi with\"\" â˜ ï¸",NA
"5218 UgySUlD1-X8chahZFwR4AaABAg","Top",NA
"5220 UgyC98hmHA-BtcmMixB4AaABAg","Im edging on that",NA
"5221 UgzCa8ayOqD5DCRKErl4AaABAg","He was the 1st to  not yake a salary",NA
"5224 UgwOljp_YdKh-LaS9WV4AaABAg","RFK Jr. 2024! ğŸ™ŒğŸ½ğŸ‡ºğŸ‡¸",NA
"5226 UgwUCDF8uv74xicuGpl4AaABAg","0:55 \"\"cowanker\"\" lol",NA
"5250 Ugx6dNk6xsPpJ62FpjN4AaABAg","\"\"oh and by the way...\"\"",NA
"5251 UgzN_igvmg8P0Z5KkbZ4AaABAg","ğŸ˜ŠğŸ˜…",NA
"5256 Ugy29p7fuVRamBFRoZp4AaABAg","Kesehatan wesğŸ’§ğŸ¥âœ…ï¸ğŸŒ",NA
"5257 UgxEUZ8afT6TfYaFBc94AaABAg","Byden batleâ¤",NA
"5264 Ugwvht2UE8Tq6nSGr-p4AaABAg","Endane seng dipikir engko ison bain kari wedi wesâœ…ï¸ğŸ’§ğŸŒğŸ¥",NA
"5265 Ugwmi5-JN-kBaJMfc3Z4AaABAg","Ojok aneh mosok tniâ¤",NA
"5285 Ugya4dFLHfM5iQ7t2Od4AaABAg","#FREE_FREE_PALESTINE",NA
"5322 UgwY2jkjSbZ9Vee0USB4AaABAg","Trump!â™¥ï¸â™¥ï¸â™¥ï¸â™¥ï¸",NA
"5330 UgynLb-7Sgz6y5UfN0l4AaABAg","21:32",NA
"5367 UgzUYej9CDIhWGuVYhV4AaABAg","ğŸ˜¦",NA
"5383 UgxGNT8n5V1XC1Pu_ZV4AaABAg","Ñ ĞºĞ¾Ğ½ĞµÑ‡Ğ½Ğ¾ Ğ·Ğ½Ğ°Ğ»Ğ° Ñ‡Ñ‚Ğ¾ Ğ‘Ğ°Ğ¹Ğ´ĞµĞ½ Ğ² Ğ²Ğ¾Ğ·Ñ€Ğ°ÑÑ‚Ğµ, Ğ½Ğ¾ Ğ³Ğ¾Ğ»Ğ¾Ñ Ñƒ Ğ½ĞµĞ³Ğ¾ ĞµÑ‰Ğµ ÑÑ‚Ğ°Ñ€ÑˆĞµ...",NA
"5388 Ugwt5wK6nmzYWeUy8Kp4AaABAg","Ğ£ Ğ½Ğ¸Ñ… Ñ…Ğ¾Ñ‚Ñ ĞµÑÑ‚ÑŒ Ğ´ĞµĞ±Ğ°Ñ‚Ñ‹...",NA
"5389 Ugzn17f0hD5_PwwaE7J4AaABAg","11:54 i skibidi wizzğŸ’€ğŸ’€",NA
"5410 UgzZ81HB23m834FLuA14AaABAg","21:30 ğŸ˜­ğŸ˜­",NA
"5411 UgzFRc71uAgYuqPm3X14AaABAg","#TEAMTRUMP",NA
"5424 UgxEvuCK42-369-02Gd4AaABAg","ç™»å­å“¥å¤ªéš¾äº†å“ˆå“ˆå“ˆå“ˆ",NA
"5436 UgyDrXp5RwMIS-yjYwp4AaABAg","this is thew worst HAHA",NA
"5438 UgxrJfUnRAmaI7eYmDF4AaABAg","'I skibidi with'",NA
"5442 UgzSrzcmkf45JaerwzF4AaABAg","\"\"And by the way\"\"....ğŸ˜‚ğŸ˜‚ğŸ˜‚ğŸ˜‚ğŸ˜‚",NA
"5444 Ugyu7_8mvS_oYtFcjTd4AaABAg","He's a lie",NA
"5465 UgzRqRlRbSxeC70KkGB4AaABAg","Idiocracy was a prophecy.",NA
"5476 UgxlZlJACh88BSkj-Pt4AaABAg","And by the way...",NA
"5489 UgyetERjj-6WilcQ0h94AaABAg","skibidi",NA
"5493 UgyHfgMtddipWIZsloB4AaABAg","#1 & #2 ğŸ˜‚",NA
"5494 UgzFj2HHd-YEN67rnJZ4AaABAg","56:34 he cut the kids in half!ğŸ˜®",NA
"5499 Ugy3Yz0ZD6YRxwaQ8CR4AaABAg","MFS..
ğŸ‡µğŸ‡¸âœŠï¸",NA
"5512 Ugx6S4et6XxjJOIx2z94AaABAg","we where lied too f coved",NA
"5514 UgyCvTr1GeEeje_wdOJ4AaABAg","à¤œà¤¯ à¤®à¤¹à¤¾à¤°à¤¾à¤·à¥à¤Ÿà¥à¤° ğŸš©ğŸš©ğŸš©",NA
"5517 Ugz-OBKqZ4UAwuRRNRt4AaABAg","Release the hostages",NA
"5521 UgzqFqByfHTve_Eu-et4AaABAg","Hahahaha",NA
"5525 UgwocFBXN9S1wElh2R14AaABAg","11:52 skibidi",NA
"5532 Ugz5PqBUxCdqtBm0hxF4AaABAg","Bye den",NA
"5552 UgyLSADX6TU8-YNxU-p4AaABAg","Ğ¡ĞºĞ°Ğ·Ğ°Ñ‚ÑŒ Ğ¿Ñ€Ğ¾ ĞŸÑƒÑ‚Ğ¸Ğ½Ğ°, Ñ‡Ñ‚Ğ¾ Ğ¾Ğ½ Ğ²Ğ¾ĞµĞ½Ğ½Ñ‹Ğ¹ Ğ¿Ñ€ĞµÑÑ‚ÑƒĞ¿Ğ½Ğ¸Ğº... 

ĞŸÑ€Ğ¸ ÑÑ‚Ğ¾Ğ¼ Ğ¿Ğ¾Ğ»Ğ¸Ñ‚Ğ¸ĞºĞ° Ğ¡Ğ¨Ğ ÑƒĞ½Ğ¸Ñ‡Ñ‚Ğ¾Ğ¶Ğ°Ñ Ğ¼Ğ½Ğ¾Ğ³Ğ¸Ğµ Ğ½Ğ°Ñ€Ğ¾Ğ´Ñ‹ Ñ 1945 Ğ³Ğ¾Ğ´Ğ° Ğ¿Ğ¾ ÑĞµĞ³Ğ¾Ğ´Ğ½ÑÑˆĞ½Ğ¸Ğ¹ Ğ´ĞµĞ½ÑŒ Ğ²Ñ‹Ğ³Ğ»ÑĞ´Ğ¸Ñ‚ ĞºÑ€Ğ°Ğ¹Ğ½Ğµ Ğ›Ğ˜Ğ¦Ğ•ĞœĞ•Ğ ĞĞ",NA
"5588 Ugw2QdlCUFfD9e5yRBh4AaABAg","28:00",NA
"5601 UgxW4XXrHvslQr5n4y54AaABAg","GrenjengğŸ˜‚",NA
"5616 Ugz_p7Re4fIljjxOZi14AaABAg","Kitap tapak ikuğŸ–",NA
"5619 Ugz3D0wXD4s0sl56Kod4AaABAg","Onok kok dingin yoro ngelu dllâ¤",NA
"5620 UgzNKSnDyfRzwYmt9ah4AaABAg","Iku sopo denğŸ˜‚",NA
"5622 UgwZLDHPxt-zLnLe8wd4AaABAg","ğŸ‰",NA
"5627 UgyxwzXx-iFGAWI6XB54AaABAg","Scam",NA
"5632 UgyIFocdv0DwbPiq1p94AaABAg","No",NA
"5634 UgwERm0cGF6fgLDTR_t4AaABAg","Tdrriblx",NA
"5635 Ugx2ofZr4o8mcTInA7x4AaABAg","Welpâ€¦",NA
"5640 UgxDKHOC11y1-wU3gJJ4AaABAg","Bradle its no lir",NA
"5644 Ugzk77GgiuIohPnoSw94AaABAg","ĞšĞ¾Ñ€Ğ¾Ñ‡Ğµ, Ğ¿Ñ€Ğ¾ÑÑ‚Ğ¾ Ğ½ÑƒĞ¶Ğ½Ğ¾ Ğ‘Ğ°Ğ¹Ğ´ĞµĞ½Ğ° Ğ²Ñ‹ÑĞ°Ğ´Ğ¸Ñ‚ÑŒ Ğ² Ğ½ĞµÑĞºĞ¾Ğ»Ğ»ĞºĞ¸Ñ… ĞºĞ²Ğ°Ñ€Ñ‚Ğ°Ğ»Ğ°Ñ… Ğ¾Ñ‚ Ğ±ĞµĞ»Ğ¾Ğ³Ğ¾ Ğ´Ğ¾Ğ¼Ğ° Ğ¸ ĞµÑĞ»Ğ¸ Ğ¾Ğ½ ÑĞ°Ğ¼Ğ¾ÑÑ‚Ğ¾ÑÑ‚ĞµĞ»Ñ‚Ğ½Ğ¾ Ğ½Ğ°Ğ¹Ğ´ĞµÑ‚ Ğ´Ğ¾Ñ€Ğ¾Ğ³Ñƒ Ñ‚Ğ¾ Ğ²Ğ¾Ğ·Ğ¼Ğ¾Ğ¶Ğ½Ğ¾ Ğ½Ğµ Ğ²ÑĞµ Ğ¿Ğ¾Ñ‚ĞµÑ€ĞµĞ½Ğ¾, Ñ…Ğ¾Ñ‚Ñ Ñ ÑĞ¾Ğ¼Ğ½ĞµĞ²Ğ°ÑÑÑŒ",NA
"5651 UgzoNAWRJij1n-YycVt4AaABAg","Snipâ¤",NA
"5652 Ugzi9kxqH62mbIvIyAx4AaABAg","Wayange yudi hee cak yudi madep fbi marine perang tok dllâ¤",NA
"5654 UgzxlMYTU5j6mxuQRup4AaABAg","Ğ¼Ğ´Ğ°Ğ°Ğ°Ğ°Ğ°Ğ°Ğ°Ğ°Ğ°Ğ°Ğ°Ğ°Ğ°Ğ°Ğ°Ğ°,Ğ¿Ñ€Ğ¸Ğ²ĞµÑ‚ Ğ¸Ğ· Ğ Ğ¾ÑÑĞ¸Ğ¸,ĞºĞ°Ğº Ğ²Ğ°Ğ¼ Ğ¿Ñ€Ğ¸ĞºĞ¾Ğ»ÑÑ…Ğ¸ Ñ ĞºĞ»ÑĞºĞ²Ğ¾Ğ¹ Ğ¾ Ğ½Ğ°ÑˆĞµĞ¹ ÑÑ‚Ñ€Ğ°Ğ½Ğµ)))))Ğ°Ğ°Ñ…Ñ…Ğ°Ñ…Ğ°Ğ°Ñ…Ğ°",NA
"5656 UgwndyrHBl-Lohc1haR4AaABAg","â¤",NA
"5657 UgyAs4GRHO-CE65av6R4AaABAg","Lookâ¤",NA
"5658 UgzoeBDGLbzmWpSpZYV4AaABAg","Gerilya cepet bwiâ¤",NA
"5659 Ugz3PV32iHW6c7sjYRV4AaABAg","Sonic 1st bwi lare dllâ¤",NA
"5660 UgymORu9Z0tXnl9IKGR4AaABAg","Mane rame dokon bwi dllâ¤ğŸ˜‚",NA
"5661 UgwIR_yn9JT0Sm6gQ014AaABAg","Sawi bwi wes tağŸ’§",NA
"5674 UgyI6y6Yx9Wmsj1CEF14AaABAg","Barang sadar kesatria non blogâ¤ğŸ˜‚",NA
"5682 UgyXZ1kNxcQ3wdbNOvd4AaABAg","Dapat 2 iku ngakuâ¤",NA
"5684 UgwIIaFcz17mWC4Qrw94AaABAg","Hengkenal itğŸ˜‚",NA
"5685 Ugylhl45sBixAkABOTt4AaABAg","Teline lahh siap2eâ¤",NA
"5687 UgyHKzJVqau5zs-ly8h4AaABAg","WesğŸ¥Šparan",NA
"5691 UgxvR-z-5Yhy5knvqzJ4AaABAg","Bara no no kohğŸ˜‚",NA
"5692 UgwEeyb0FVp9NNHgSQt4AaABAg","Raine muncong wesğŸ˜¢",NA
"5696 UgwhCRJZzA2eUq600M14AaABAg","â˜»ï¸ğŸŒ",NA
"5704 UgylCKYFnQUuWrxEtLR4AaABAg","Wes ğŸ–â˜»ï¸",NA
"5706 UgxwG0mQjjZVEllHyA14AaABAg","Biasa bush tulien ta latihanâ¤nawi",NA
"5707 UgyMnRpa8OJHQot6PNN4AaABAg","Nawi digu maning pinter kadang pembual kadang dll â¤ğŸ˜‚",NA
"5710 UgxIt8efEIfycmieuLV4AaABAg","Inâ¤",NA
"5711 Ugx7Ppjjqkt4PPrrgMN4AaABAg","=ğŸ˜‚ğŸŒâ˜»ï¸",NA
"5712 Ugx7t9I0dNvWqzEUhwB4AaABAg","Ngerti benar h!!â¤",NA
"5713 UgzOkanLGhB2LMLt9A54AaABAg","Ngerti hemmâ¤",NA
"5717 UgxatOCINFnBrwqsnWF4AaABAg","11:54 \"\"I skibidi rizz\"\"  Bro...ğŸ’€ğŸ’€ğŸ’€",NA
"5724 UgwZDhWgCpyF3zRBrHd4AaABAg","Nang mata koh whoâ¤",NA
"5725 Ugy2UFJn1ZjFnPj3ePx4AaABAg","Who adem kokâ¤",NA
"5726 UgxEOFdJVm5p2OVYZ8V4AaABAg","Lareki buku eropia no hitlerâ¤",NA
"5728 UgxXDGkrIlR3Ui9JKMJ4AaABAg","Marine iku koh ada pengaruhâ¤",NA
"5729 UgzZltzUSBRkO41JQEl4AaABAg","Demen nang byden q ngewates yoiku demi us hre trumpâ¤",NA
"5730 Ugw-eOmd_XrnTZnTbzZ4AaABAg","Amuke wong banyuwangi rrâ¤",NA
"5731 UgztxiSEFzvKocSFgpd4AaABAg","Yo sirok ison biasae pengalaman ono bain mangkane nantangâ¤",NA
"5732 Ugyd8Z4IKe3nEjbrjux4AaABAg","Hengusah nantang aju lookk workğŸŒâ˜»ï¸",NA
"5735 Ugx9XLEs-V9rXIVk-FB4AaABAg","Engko kesel lokk trumpğŸ˜®",NA
"5736 UgxCJCXzl0CMOcdbNDR4AaABAg","Yo gedi q mosok mortir damai klendi tpâ¤",NA
"5737 UgwigmYOvHPxrwfl34V4AaABAg","â¤",NA
"5738 Ugym0YGP3_yK7EgNtO94AaABAg","GO CHIEFS!!!!!!!!!",NA
"5748 UgxrnW0n3bfmqYKUsmN4AaABAg","These guys are the aliens from the Simpsons",NA
"5757 UgwRffBe4LkUhoDUM4F4AaABAg","You trvyhe fill o the pesittğŸ˜Š",NA
"5759 UgwToUxsBCt36rlSdxV4AaABAg","â€œThereâ€™s motion between usâ€ ğŸ’¸ğŸ’ğŸ¥¶",NA
"5762 UgzfsJigFN-4pumlyyB4AaABAg","I skibidi with",NA
"5783 UgwqzwQSlUaLyMy_rK54AaABAg","0:12",NA
"5796 Ugzqjo_HCS4KVOL6-Jd4AaABAg","lol madness.",NA
"5807 UgzqTQMtTKN4n6pBaxl4AaABAg","Debat senggol dong",NA
"5814 UgyILNbFG3cWV-3UnyZ4AaABAg","what about the kitchen table?",NA
"5831 UgzFlJuBSH2eCV7H9WB4AaABAg","Trump2024âœ…",NA
"5858 UgxYzxhRCuq0JVf2nJR4AaABAg","Det Ã¤r pinsamt att USA med Ã¶ver 300 miljoner invÃ¥nare inte kan fÃ¥ fram bÃ¤ttre kandidater fÃ¶r vÃ¤ldens mest viktiga jobb",NA
"5870 Ugyxivuq8xkuz2YncIF4AaABAg","They are so ooold...",NA
"5877 UgyZZJGC3PZyLVrZEfh4AaABAg","joey is dust",NA
"5890 UgzygK9ZMWlQhUSo1154AaABAg","34:26",NA
"5891 UgzFEzDs5QIEz--cW114AaABAg","No studio audiencr.",NA
"5904 UgxKVZmZnwDZ0mxoczt4AaABAg","BidenğŸ¤¡ğŸ¤¡ğŸ¤¡",NA
"5972 UgyzdBLetMBni0BHcqp4AaABAg","1:24:05 heâ€™s lying heâ€™s not a 6 handicap",NA
"5974 UgzkHLLsDFoQ9nf5tSV4AaABAg","...",NA
"5979 Ugy19RfBwEwqZGoolUt4AaABAg","Messi ğŸ",NA
"6002 UgwzOb5O4r0gQPTXtw94AaABAg","Chicken & dumplings is Asian ravioli ğŸ«",NA
"6015 UgzX1AjC8EZraCxPMxx4AaABAg","å·æ™®",NA
"6023 UgzhPFmOI4eaiU9I_1Z4AaABAg","22:15",NA
"6045 UgxsgQjIRJ_JLEooHFl4AaABAg","nope",NA
"6064 UgwxR_QurvVtM-4Fr5p4AaABAg","ğŸ˜‚ğŸ˜‚ğŸ˜‚ğŸ˜‚ğŸ˜‚ğŸ˜‚ğŸ˜‚",NA
"6078 UgyEnG9HVnyypJZL1tF4AaABAg","16:44 ğŸ˜®ğŸ˜®ğŸ˜®ğŸ˜®ğŸ˜®",NA
"6086 UgzcBErkQNB4B_7x0S94AaABAg","ğŸ˜‚ğŸ˜®",NA
"6108 UgxO9MFb4nqQaJg4eRZ4AaABAg","21:31",NA
"6134 Ugz7-jUwA1a9fGBGj9t4AaABAg","Fredric malle",NA
"6151 UgyqCUSTLIY_HiN5Hd54AaABAg","12:02 ğŸ˜‚ğŸ˜‚ğŸ˜‚ğŸ˜‚ğŸ˜¢ğŸ˜¢ğŸ˜¢ğŸ˜¢ğŸ˜¢",NA
"6161 UgznyqsXP0mFYCB_OvZ4AaABAg","Great.ğŸ‘ŒğŸ‘ğŸ˜",NA
"6171 UgyJ5S_erwDhERgZgRx4AaABAg","29:38",NA
"6176 Ugxhx1J8Ec1OmUZ2NwZ4AaABAg","Imran Khan zendabad â¤",NA
"6217 Ugx7S39DaIR2LQF-UFd4AaABAg","Ğ—Ğ°ÑˆĞµĞ» Ğ² ĞºĞ¾Ğ¼Ğ¼ĞµĞ½Ñ‚Ğ°Ñ€Ğ¸Ğ¸ Ğ¿Ğ¾ÑƒĞ³Ğ¾Ñ€Ğ°Ñ‚ÑŒ Ğ²Ğ¼ĞµÑÑ‚Ğµ Ñ Ğ°Ğ¼ĞµÑ€Ğ¸ĞºĞ°Ğ½Ñ†Ğ°Ğ¼Ğ¸ğŸ˜‚ğŸ˜‚ğŸ˜‚
Ğš ĞºĞ»Ğ¾ÑƒĞ½Ñƒ Ğ·ĞµĞ»ĞµĞ½ÑĞºĞ¾Ğ¼Ñƒ ĞµÑ‰Ğµ Ğ´Ğ²Ğ¾Ğµ Ğ¿Ñ€Ğ¸Ğ±Ğ°Ğ²Ğ¸Ğ»Ğ¸ÑÑŒ",NA
"6227 Ugw0XU57LkK218qwAFB4AaABAg","Highly recommend",NA
"6228 UgwL-UAgbC6X5YiuPN14AaABAg","Digu maning ajuâ¤",NA
"6237 Ugy259yHTG4ggZyr6Np4AaABAg","Untut sakit dll wes ğŸ’§ğŸ¥ğŸ¤¯",NA
"6248 Ugye3HglGh4vXxhW1zZ4AaABAg","Yo apik hargadiri jerman rayaâ¤",NA
"6257 Ugx4ijIh0v_ELcqz9K54AaABAg","Betul menang utekâ¤",NA
"6258 UgwFRWNVx5-Dl1i8QVl4AaABAg","Wong bontong wawasane sengonok digdaya apudono dll uter ngoâ¤",NA
"6259 UgzCa3Km0NZYUvn9LAt4AaABAg","Heng mari2 amuke wong banyuwangi kok tu laut wet2 bugatyi turbs lw ori panahâ¤",NA
"6265 UgwecU2PQaVencwrbgZ4AaABAg","Asu2an bain it sadar arep bangsa22nysâ¤",NA
"6270 UgyFuPlr4BrI2UmW8tx4AaABAg","JOE DIMENTIA IS THE CORSPE AND CHEIF",NA
"6273 UgwAqiqIFuL-Qh1_MnV4AaABAg","â¤ok..??â¤",NA
"6275 UgyTGfX0cGsXi8fzuQF4AaABAg","â¤í•©ë¦¬í™” >>â¤ì¤‘êµ­&í•œêµ­&ë¯¸êµ­â¤>>ëŸ¬ì‹œì•„ì „ìŸ..of â¤",NA
"6278 UgxZMMugfCNquqDFYE94AaABAg","This is so awesome",NA
"6281 Ugw2yBC1kbaIEadQvkF4AaABAg","It's so wonderful",NA
"6295 UgzgAPkLAjukoxQsM3h4AaABAg","Yes yea ye a",NA
"6307 UgzMTYlh5iZeGaNiUQR4AaABAg","Yo bush ngecaptok mbayangâ¤ğŸ‘",NA
"6308 Ugy_62wbpcS9-y9BZ-14AaABAg","Mati larene ngecaptok mbayangâ¤",NA
"6309 Ugy5uo43HvcmjmRJCDx4AaABAg","TengkyuğŸ‘âœ…ï¸",NA
"6311 Ugy0cPtXxYHO6qXmuXF4AaABAg","ğŸ˜‚ğŸ˜…",NA
"6312 Ugx86AIJL2e1I4UJFmt4AaABAg","ğŸš™âœ…ï¸",NA
"6314 UgzveQJh9874GkN-AQd4AaABAg","1:16:26",NA
"6317 Ugz64oDFHTh-l_N0uwp4AaABAg","Let's go Joe, you got this",NA
"6326 UgzNFSPJ8zeBPVqAdxV4AaABAg","Ğ’ Ğ¾Ğ±Ñ‰ĞµĞ¼ Ğ¶Ğ°Ğ»ÑŒ Ğ°Ğ¼ĞµÑ€Ğ¸ĞºĞ°Ğ½ÑĞºĞ¸Ğ¹ Ğ½Ğ°Ñ€Ğ¾Ğ´, Ğ½Ğ¸ Ğ¾Ğ´Ğ½Ğ¾Ğ³Ğ¾ Ğ½Ğ¾Ñ€Ğ¼Ğ°Ğ»ÑŒĞ½Ğ¾Ğ³Ğ¾ ĞºĞ°Ğ½Ğ´Ğ¸Ğ´Ğ°Ñ‚Ğ°, Ğ½Ğ¾ Ğ´Ğ»Ñ Ğ½Ğ°Ñ Ğ»ÑƒÑ‡ÑˆĞµ Ğ‘Ğ°Ğ¹Ğ´ĞµĞ½, Ñ€ĞµĞ±ÑÑ‚Ğ°",NA
"6334 Ugx_ic63h8mG25T0juV4AaABAg","ğŸ¤¡ VS ğŸ¤¡",NA
"6351 UgzvOUQB3X3B1uc3_CJ4AaABAg","BidenğŸ˜®ğŸ˜®ğŸ˜®ğŸ¥´",NA
"6367 UgxF-qwamPN9cQkezt54AaABAg","All gone! Where?",NA
"6374 UgyTfD9L81ljoL-QdCF4AaABAg","OMG him again.",NA
"6381 Ugx6S_HGkACUkxvhlnB4AaABAg","GO AWAY!",NA
"6387 UgyAxsPkx1zqhqjzstV4AaABAg","20.30",NA
"6388 Ugxm-fcYxybctps-ayd4AaABAg","$400 for insulin?",NA
"6398 Ugz4QdyOLF4o7d5V0hJ4AaABAg","Esta pensando si dejo prendido el gas del te, en la sala oval ğŸ˜…",NA
"6404 UgxKT9B1w091L4vFdr54AaABAg","Old joey got that deer in the headlights lookğŸ˜†",NA
"6425 UgwWkhQYQus889F6SIN4AaABAg","ğŸ˜‚",NA
"6431 Ugwdd5X9TsJHpT4M8Ml4AaABAg","Haha Omg.",NA
"6440 Ugzwwyb4f2nA1thZD-x4AaABAg","11:53",NA
"6455 UgziQaVLY9CDjyS1xcR4AaABAg","Yep, worst.",NA
"6458 Ugzf6dvHsj5u1nja6Q94AaABAg","This was so funnyğŸ˜‚",NA
"6464 UgxwlZhPNGL-x2jHelF4AaABAg","Gooooo trump!!!!!â¤â¤â¤",NA
"6471 UgwTkQsLYuxVjEW4r2J4AaABAg","â¤",NA
"6479 UgypCYXgmfZHJfmvMQ54AaABAg","This is onna be a meme for aure",NA
"6511 UgyBq63gmCz1LJztEVF4AaABAg","how about a goose egg",NA
"6513 UgyOyj4-0UzVi6xAand4AaABAg","Fascinating.",NA
"6517 UgxwajK9nKpqtSUO9bp4AaABAg","Billyins and billyins of Jyna.",NA
"6532 Ugz8aBu3GmENDLmlM9J4AaABAg","Jan 6 = Nancy Pelosi !",NA
"6538 UgzTneOIP13W9iVC6gB4AaABAg","59:30 lol #JBTP",NA
"6597 Ugz9WyFEvSC3xoSLtNB4AaABAg","Billadyn=shet",NA
"6602 UgysREF7zBGNNUh8PFN4AaABAg","ĞĞ´Ğ¸Ğ½ Ñ€Ğ°Ğ· Ğ³Ğ»ÑĞ½ÑƒĞ² Ğ½Ğ° Ğ´ĞµĞ±Ğ°Ñ‚Ñ‹ Ğ¸ Ğ½Ğ° ÑÑƒĞ±Ñ‚Ğ¸Ñ‚Ñ€Ñ‹, Ñ Ğ¿Ğ¾Ğ½ÑĞ», Ñ‡Ñ‚Ğ¾ Ğ‘Ğ°Ğ¹Ğ´ĞµĞ½ Ğ½ĞµÑĞµÑ‚ Ğ¿Ğ¾Ğ»Ğ½ÑƒÑ Ñ‡ÑƒÑˆÑŒ",NA
"6604 Ugz1X9ZBMfApFTOYjSN4AaABAg","\"\"and by the way...\"\"",NA
"6606 Ugwk9ddc1-Bx8nnFkzh4AaABAg","Impeach Biden!!!!please",NA
"6621 Ugzohj47emO4BtQ3hHx4AaABAg","28:48 Joe: ğŸ˜†ğŸ˜‰ğŸ˜",NA
"6632 Ugw4wRTj1BRCwYTjYRp4AaABAg","The combined Age of these two men is frightening",NA
"6633 Ugws9JBPsLosjjl1g0R4AaABAg","ğŸ˜Šl",NA
"6655 UgwyrIV73W4vuU8xbYd4AaABAg","Bismillah and Alhamdulillah 
As Salaam alaikum brothers and sisters â¤!",NA
"6668 Ugx9ZSmZ5BG-KXgm1YB4AaABAg","Lies",NA
"6685 UgzT0wKiTYI-FF-5ntd4AaABAg","BIDON..... PARAM PARAM PAM.................!!!",NA
"6695 UgyZRw7P33cjh3sh8o14AaABAg","Ğ´Ğ²Ğ° Ğ¿ĞµĞ½ÑĞ¸Ğ¾Ğ½ĞµÑ€Ğ° Ğ±Ğ¾Ñ€ÑÑ‚ÑÑ Ğ½Ğ° ĞºÑƒÑĞ¾Ñ‡ĞµĞº Ñ…Ğ»ĞµĞ±Ğ°, ĞºĞ°Ğº Ğ±Ğ¾Ğ¼Ğ¶Ğ¸ Ğ½Ğ° Ğ³Ğ°Ğ·Ğ¾Ğ½Ğµ",NA
"6697 UgwZmTYAvUxQUHXtzBZ4AaABAg","46:39 ğŸ˜‚ğŸ˜‚",NA
"6715 UgwA1iaQsEmlK0_OT9J4AaABAg","34:05",NA
"6720 UgxNoZIv52Lsf7VbYUl4AaABAg","ğŸ‰",NA
"6722 UgwYcsP90JCzRNdt_MJ4AaABAg","AB KI BAAR TRUMO SARKAAR.........VOTE FOR TRUMP.......FROM INDIA ...............",NA
"6744 UgwbXWaGb8XHWCmiYa14AaABAg","Wow ni har vÃ¤rldens bÃ¤sta barn",NA
"6762 Ugx4kwD6vIRX6BzqP954AaABAg","Was this edited?",NA
"6776 UgzYyLqE9HFW6UaFV0R4AaABAg","â¤â¤â¤â¤",NA
"6785 UgwNILQP-1zE1vel6L94AaABAg","â¤â¤â¤â¤â¤â¤â¤",NA
"6801 Ugz_RmvXCX0odBv0rnN4AaABAg","This is getting  very tedious.",NA
"6811 UgwsR-IxZSc1WAmsZRp4AaABAg","11:54 \"\"I skibidi with uhhh\"\"",NA
"6847 UgzQiW4E2wnTxxMtxxZ4AaABAg","Omg so diagusting ğŸ˜¢",NA
"6849 UgyyrkmTsCYQf9bAzhl4AaABAg","Ud mienten . No los quero dandome desinformacion. Mex",NA
"6865 UgxUxczRTtGUaTsmuM94AaABAg","21:36 LOOOOOOOL",NA
"6868 Ugwjnb0hPwZIzFlpjXl4AaABAg","12:10 LOOOOOOL",NA
"6918 UgxDs6yb09BO5V5RKjR4AaABAg","the guy is old. jesas.",NA
"6943 UgxSyRvN3grBPVeU2LN4AaABAg","2:24",NA
"6945 UgzAD8LIpfEhDgNKRAl4AaABAg","All",NA
"6946 UgzpHoglwWI0HJtn-BF4AaABAg","Equityyyyy is all Joes doing...",NA
"6975 UgxYmQ9tpAFtgVWqPnV4AaABAg","Entertaining ğŸŠ ğŸ‰",NA
"6979 UgwnZsiGTKK82mh2rAx4AaABAg","Trumpâ¤",NA
"6985 Ugxj8_hqitXMsMkDXWR4AaABAg","Ø§Ø³ÙˆØ¡ Ù…Ù†Ø¸Ø§Ø±Ø© Ø¨ØªØ§Ø±ÙŠØ® Ø§Ù…Ø±ÙŠÙƒØ§ Ø´ÙƒØ±Ø§ Ø¨Ø§ÙŠØ¯ÙŠÙ† Ø´ÙƒØ±Ø§ ØªØ±Ø§Ù…Ø¨ ğŸ˜‚ğŸ˜‚ğŸ˜‚â¤",NA
"7023 UgwDgozs35ZPW2o5qr14AaABAg","GOATED",NA
"7030 UgzlIFyxf7g0qExcK5l4AaABAg","La peur dans ses yeuxğŸ˜‚ğŸ˜‚",NA
"7073 UgwyLi14ix6afQNUXxd4AaABAg","LolğŸ˜‚",NA
"7101 UgzXnjz6QVGSHGy4WgV4AaABAg","ğŸ˜ŠğŸ˜ŠğŸ˜ŠnoğŸ˜Šp0",NA
"7107 UgzGqqfb7jOghCNF_814AaABAg","the ideaaaaaa",NA
"7139 Ugwnn6qbWA6CjDrrhsB4AaABAg","Tapper is such a punk.",NA
"7181 Ugxh2P60rhoxMPtWlO54AaABAg","Not ONE cough ğŸ™„",NA
"7203 UgxhZba2e3CerkIuySp4AaABAg","Hey",NA
"7208 UgzQlThOzfv_LgOrdi14AaABAg","TrumpğŸ‰",NA
"7214 UgyMlSAU5WS67NZ4k5x4AaABAg","A rap battle.",NA
"7235 UgxXoq38vCJEHoq8dyl4AaABAg","â€œBrothers, sisters and in lawsâ€¦â€¦â€",NA
"7241 UgzC7XT5PsJgEZ4opgB4AaABAg","fierce",NA
"7245 UgygnPX9mPl8FqPBtwR4AaABAg","A tale of two dinosaurs in a bout of bickering.",NA
"7253 Ugw180E94oi96orQqRZ4AaABAg","Outback daddy and salami",NA
"7259 Ugz_6kb3cmN8TYBHwKF4AaABAg","Businessman vs DC grifter.",NA
"7267 UgxqWFaXo7JvaUHyV0x4AaABAg","Skibidi toilet",NA
"7268 UgyahBR5uwls1gnhszx4AaABAg","Tidak adakah generasi muda yang mumpuni untuk jadi pemimpin di negara adidaya sangat menyedihkanğŸ˜¢",NA
"7308 UgzsMUtUoRBVvT97Y594AaABAg","Cnn is a farce .",NA
"7327 UgxkvybKmES83AErjd54AaABAg","It's fun, it's awesome",NA
"7364 UgxT2guuCGVdT4dA7bd4AaABAg","The ideağŸ˜‚",NA
"7389 UgzdaHc_J13W-zWMdPR4AaABAg","à¤œà¤¯ à¤­à¥€à¤® à¤œà¤¯ à¤­à¥€à¤® à¤œà¤¯ à¤­à¥€à¤® à¤œà¤¯ à¤­à¥€à¤® à¤œà¤¯ à¤­à¥€à¤® à¤œà¤¯ à¤­à¥€à¤® à¤œà¤¯ à¤­à¥€à¤® à¤œà¤¯ à¤­à¥€à¤® à¤œà¤¯ à¤­à¥€à¤® à¤œà¤¯ à¤­à¥€à¤® à¤œà¤¯ à¤­à¥€à¤® à¤œà¤¯ à¤­à¥€à¤® à¤œà¤¯ à¤­à¥€à¤® à¤œà¤¯ à¤­à¥€à¤® à¤œà¤¯ à¤­à¥€à¤® à¤œà¤¯ à¤­à¥€à¤® à¤œà¤¯ à¤œà¤¯ à¤œà¤¯ à¤œà¤¯",NA
"7397 UgyjubqmgC9QJ76Zrid4AaABAg","Here in India ğŸ‡®ğŸ‡³ : Rahul Gandhi vs Modi ğŸ˜‚",NA
"7416 UgxRcM8cugRGGMBWZih4AaABAg","21:34 ğŸ˜‚",NA
"7420 UgySAz_Kh6lscDDqyrV4AaABAg","Warnok and Ossoff",NA
"7469 UgyoUYPE9ZNfIkNTUmp4AaABAg","Y",NA
"7471 UgyLdr5b2rxM31vAEqV4AaABAg","by the way..bye",NA
"7472 UgyUC-ntCTCmt7MPVOl4AaABAg","Fjb",NA
"7475 UgxFuhg1yXMIkikwmtF4AaABAg","jimmy carter 2024â€¼ï¸ğŸ”¥ğŸ”¥",NA
"7479 UgzqEAD3MROuPac7vGt4AaABAg","03:28 Joe ğŸ¤«",NA
"7494 UgwEUVNWzIZ3C4MHS-B4AaABAg","the only sacred obligation???
FJB",NA
"7506 UgzDPJmmdQerWp3HFMN4AaABAg","Melania migrated",NA
"7569 UgxM6PRhkeEg4Jfoiod4AaABAg","1:16:24 farting ğŸ˜‚",NA
"7599 UgwmlBmBPtcCwbsUkyZ4AaABAg","ğŸ˜‚",NA
"7629 Ugz2Eb6u5CCmzh6KTN94AaABAg","6:05 , preach.",NA
"7632 Ugz8qzJ6IktzB0ML5y14AaABAg","Labaduba way dhacayan",NA
"7639 UgzXf4WtaKSNXtB2-6B4AaABAg","Yikes.ğŸ’€",NA
"7663 UgykASFwojYe7Uf_NKh4AaABAg","Gooo trumpppp",NA
"7668 UgyGPvxHNvkH-_VTkQ54AaABAg","SIMPLE..AMERICAN PATRIOT,,TRUMP..ğŸ˜·R..CğŸ˜·MMUNI$T,,CğŸ˜·MPRğŸ˜·MI$ED,,CHINEE$E..SPY,,\"\"\"\"DIAPER+(JğŸ˜·E.ğŸ‘Œ",NA
"7722 Ugy9PXanXZ16zK9jvoR4AaABAg","**NğŸ’©T. MY PRESIDENT\"\"\"\",,,$TUMBLING,,BUMBLING,,STUTTERING..DAH,DA,,DA,,DA,,DA,DATS. ALL FOLKS..ğŸ¤£ğŸ¤£ğŸ¤£ğŸ¤£ğŸ˜³ğŸ‘ˆ",NA
"7738 UgxqIQTA4n4IuDIDc1N4AaABAg","My eyes donâ€™t lie!!!!",NA
"7819 UgzmshDOY8qMAsao_sV4AaABAg","ğŸ‰ğŸ˜¢ğŸ˜¢ğŸ‰ğŸ˜¢",NA
"7862 Ugyb2Gi7SS6NLP-INwF4AaABAg","No he can not run again at all again",NA
"7876 Ugzz4T6E842X8Tk-ErJ4AaABAg","Dropout you are not fit",NA
"7922 UgynkZu6ZQx8zUCnEwR4AaABAg","She said Joebama ğŸ˜‚ğŸ˜‚ğŸ˜‚ğŸ˜‚ğŸ˜‚",NA
"7924 UgxhqnTK-CtpHAuhpdh4AaABAg","Fjb",NA
"7941 UgwjC2ZVLM7V2qyZlx14AaABAg","Bye-bye Obiden",NA
"7946 Ugz5paGSmj57SKXFaWJ4AaABAg","Babysitter jill,still on the job",NA
"7951 UgzuYTmwAX1VShb-vuF4AaABAg","Isn't there a deadline?",NA
"8052 UgyKerMjUvKfVBhJMZR4AaABAg","APS",NA
"8097 UgwaaE4i3K1AcKutawB4AaABAg","QuÃ© estÃ¡ esperando el Partido DemÃ³crata para sustituÃ­r a un candidato que sufre claramente de demencia ?",NA
"8146 UgwBPg_evKDcAK59llh4AaABAg","Carl Tuckerson for VP",NA
"8173 Ugx2Ls-g4_TiCsn2ZbZ4AaABAg","Chuck Schumer is the Hamburgerler.",NA
"8196 Ugzby7apWGXFbTccbwZ4AaABAg","B R U H !!111111",NA
"8203 Ugy8gKn1NdkQTMhkUPR4AaABAg","Hes not getting nominated!",NA
"8225 UgyDaFmi5yNWocIXQY54AaABAg","Jajaja!!!",NA
"8248 UgzB5mcxQ1CD1xS0RVJ4AaABAg","The man is gone",NA
"8263 UgxGWsQ1HWI11pn4jWJ4AaABAg","1 flew over the cookoos nest ha ha",NA
"8299 UgzMfG_BltSEyPWdw3J4AaABAg","this is sad,",NA
"8303 UgzmAai4q8fq9igmHDJ4AaABAg","Ok kids.,.. Jo's gone by by",NA
"8307 Ugyr2aMVB3JHVzS4BGZ4AaABAg","We got here because boma slimed him in",NA
"8308 Ugw1Mwk1MGCpWnuq2HJ4AaABAg","Rfk 2024",NA
"8309 UgxOHRBluGRFL2f_eM54AaABAg","What, what.,...huh",NA
"8367 UgyBndDBHf1xr19AwwJ4AaABAg","Paid crowd actors",NA
"8386 UgwstD5JX-_fpN26RH54AaABAg","PEEEEE PEEEEE POOOOO POOOOO DOO DOO KAA KAAA",NA
"8423 UgxULba-NTkpx8rbBWB4AaABAg","Insanity is contagious ğŸ˜…",NA
"8432 UgxmLMl9Gy1EHUSEdDN4AaABAg","Goodbye sir.",NA
"8445 UgzjOvQupWtceIz6-M14AaABAg","Who is Jobama???",NA
"8485 Ugw_qxh-qynFgUOLA694AaABAg","ğŸ”·ğŸ”·ğŸ”·ğŸ”·ğŸŸ¦ğŸŸ¦ğŸŸ¦ğŸŸ¦ğŸŸ¦ğŸ”µğŸ”µğŸ”µâ˜‘ï¸",NA
"8516 UgxUI8tTef02DEWt1BR4AaABAg","Bidunnnnn is a FFFFOOOOLLLLLL",NA
"8517 UgwvsjhhNIttEzhaeNV4AaABAg","FOX SUX
CNN SUX",NA
"8567 Ugzu8NDtanTZhi5jsoF4AaABAg","This the hill we dying on ğŸ˜‚",NA
"8591 UgwIeBer4tdGOq37IcV4AaABAg","ğŸ˜‚ğŸ¤£ğŸ˜…ğŸ˜ˆâ˜ ï¸ğŸ‘ğŸ‘Š",NA
"8636 Ugzx0E2835jYXWw4egB4AaABAg","Yes and do we some waffles tonight,?",NA
"8637 Ugw3WNzjh9Dqp6jV28B4AaABAg","Who's my special boy???!!!!",NA
"8638 UgwXlLqSHiepsq0Lzk94AaABAg","Joe?",NA
"8640 UgyjuYN5sId9qFnwlzV4AaABAg","Joe",NA
"8648 Ugw-NnutArP4Kj_p1AB4AaABAg","Omg!!! This guy is so sad",NA
"8703 Ugy8EXdzlg-k_AUHrtJ4AaABAg","Joe you're Baked Potato",NA
"8705 UgwYbjGKwfTa1EQrlRt4AaABAg","No  JOY ThereğŸ˜‚ğŸ˜‚ğŸ˜‚ğŸ˜‚ğŸ˜‚TrumpğŸ†",NA
"8839 UgxpFfcTSIPKvDC_II94AaABAg","40% is what billionaires pay",NA
"8931 UgzJVwPPE9tBp6VTOY94AaABAg","ğŸ˜‚",NA
"8986 Ugw9q1t9IdhtYRUTarV4AaABAg","Embarassing.",NA
"9030 UgyN9MvO7IPre0AQpIN4AaABAg","Harf the barf.",NA
"9032 UgxKL0khR1yuLy8EnNJ4AaABAg","Can you say out to lunch with out saying out to lunch",NA
"9034 UgxKRUzDAiJX9Ets7JB4AaABAg","FJB",NA
"9039 UgxT2qayI_WwJ5_VQ9l4AaABAg","Ignorance is bliss.",NA
"9041 Ugz1EHgS8_qqA_lzvKl4AaABAg","Vegetable soup",NA
"9049 UgwSkuV7jCcJShhGqlx4AaABAg","Wow, abandonment ????? No loyalty.",NA
"9065 Ugw6ebHRCWxk1Eh-2PN4AaABAg","Ediot",NA
"9083 Ugw1sot69y5mSLWs-wR4AaABAg","à¤ªà¥à¤°à¤¿à¤¯à¤‚à¤•à¤¾ à¤—à¤¾à¤‚à¤§à¥€ à¤œà¥€ à¤œà¤¿à¤‚à¤¦à¤¾à¤¬à¤¾à¤¦ ğŸ’¯ğŸŒğŸ™ğŸ™ğŸ™ğŸ™ğŸ™",NA
"9095 Ugx6w4CIzJnMNg91KQN4AaABAg","Lies.  For dummies",NA
"9114 Ugx7RaMtckiJx0XfheZ4AaABAg","Heâ€™s feeble. We saw it. From Australia.",NA
"9147 Ugzfv7tybQ0JwJKRjiZ4AaABAg","melting",NA
"9158 Ugyyla5hyS0wgOkysjl4AaABAg","ğŸ¤£ğŸ¤£ğŸ¤£",NA
"9231 UgwOl6eO3d-n96CexJx4AaABAg","ğŸ˜‚ğŸ¤£ğŸ˜‚ğŸ¤£ğŸ˜‚ğŸ¤£ğŸ˜‚ğŸ¤£ğŸ˜‚ğŸ¤£ğŸ˜‚ğŸ¤£",NA
"9268 UgzDuazfB5jRPKx3I0t4AaABAg","Impeach him.",NA
"9275 Ugw9ye-wnm1gpykQGRV4AaABAg","Biden..brain is gone",NA
"9323 UgzaxiH_8F4ife9z4a94AaABAg","This is disturbing",NA
"9342 UgzEYX-6EDu9QB1ydxB4AaABAg","LMFAO, seriouslyğŸ˜‚ğŸ˜‚ğŸ˜‚ğŸ˜‚",NA
"9382 UgwQfIxERCIyTTVCAeJ4AaABAg","Joe Bama ?",NA
"9389 Ugzm42URQaoyemQCukx4AaABAg","FJB!!!",NA
"9483 Ugzj14fDRaP0lAOoNx94AaABAg","ğŸ¤¦â€â™€ï¸",NA
"9527 Ugz_OAuhNT7EtQTXs8R4AaABAg","How's that impeachment process going?",NA
"9531 Ugwc8l2OMe6dcHVZo2J4AaABAg","Hahaha.",NA
"9568 UgwnjwFtGFkn5sqYwal4AaABAg","Both guys' availability is expired !",NA
"9569 Ugxk9XOkeu4mfeMJCHl4AaABAg","2ND. ADD. & 2ND. ADD. & 2ND. ADD.",NA
"9578 Ugy71yLcpBEBfxGU5e14AaABAg","Get this guy the F outta here. How is he our president???ğŸ˜‚ğŸ˜‚ğŸ¤¦ğŸ»â€â™‚ï¸",NA
"9592 Ugxu1gfBkvhmV1F2iLZ4AaABAg","ğŸ«£ğŸ«£ğŸ«£ oh no!",NA
"9612 UgycUwkiCTD1XzrWOD54AaABAg","His Arrogance will be not only be his downfall but the deepstates downfallâ€¦",NA
"9621 Ugxi6tXLIQ_PESFG_jJ4AaABAg","ğŸ˜¢",NA
"9696 Ugwn-cj8NWf3was-6ld4AaABAg","LoL What",NA
"9699 UgwjTTtSymmcJJ14GY54AaABAg","No let him run",NA
"9740 UgwwPykbRMTg5sv99VV4AaABAg","Blondie.  Says it all.",NA
"9751 Ugzn9cCnkSmHfrWV0sF4AaABAg","LMFAO IT IS SO OVER.",NA
"9762 Ugw4EXejI9vyaNvaLr14AaABAg","The age",NA
"9798 UgzdZ3wmwMGx2nacLdd4AaABAg","She said Joe-Bama 6:22",NA
"9807 UgzT2qR2GqpWfR2c3eV4AaABAg","Commander And Chief ?  LMFAO",NA
"9826 Ugwwr-xneaKb2iRBcvt4AaABAg","What bs is jen and karine going to say now ğŸ˜‚ğŸ‘ˆ",NA
"9829 Ugw-Ghxo8g62wJYDvVZ4AaABAg","Article 25 now.",NA
"9864 UgyysTBmox2uAZB1ye14AaABAg","PSAKI GET OUT",NA
"9871 UgyGj4cvEciUsEbHTM14AaABAg","JEN PSAKI JEN!!!",NA
"9874 UgxPVggRfI4xoJIS_ep4AaABAg","GET OUT JOE!!",NA
"9877 UgxDVzgeoeO_dmbGgNJ4AaABAg","GET OUT JOE",NA
"9879 UgzZLd4ejnuU_hrOiEV4AaABAg","GET OUIT JOE",NA
"9899 UgwUSaxzvh5X55Cwog14AaABAg","@6:30 did she say Joe Bama? ğŸ˜‚",NA
"9913 UgyR1Y48MLYg4UzciPd4AaABAg","25th ammendment.....perhaps",NA
"9942 Ugyq0jfgK-jUJsQRjQB4AaABAg","â–€â–„â–€â–„â–€â–„   ğŸ€  ğ’¯ğ‘…ğ’°ğ‘€ğ’«  ğŸ€   â–„â–€â–„â–€â–„â–€",NA
"10018 Ugx6FGb_8yiQWQC0Jnp4AaABAg","How did we get here!ğŸ˜‚ğŸ˜‚ğŸ˜‚ğŸ˜‚ğŸ˜‚ğŸ˜‚ğŸ˜‚ğŸ˜‚ğŸ˜‚ğŸ˜‚",NA
"10031 UgynU3D3f0ZraH64oTN4AaABAg","Alzhiemer patient",NA
"10040 UgzO1oNH1gokSPtSUV94AaABAg","ğŸ˜‚ğŸ˜‚ğŸ˜‚ğŸ˜‚ğŸ˜‚",NA
"10079 Ugyjhi4dHz2t-XcyXU54AaABAg","ğŸ™ğŸ’™ğŸ’™ğŸ˜‡ğŸŒğŸ‡±ğŸ‡·ğŸ‘",NA
"10080 Ugx7ssubBnId6gFD4zR4AaABAg","Bafone",NA
"10081 Ugw_x0bRPB3kp_uggbN4AaABAg","â¤TRUMPâ¤",NA
"10127 UgzjwCWnGkAGPgmig0B4AaABAg","He is lying ğŸ¤¥",NA
"10171 Ugxwr7Fi4dyHV7znCU14AaABAg","How did they get here?! They put themselves here. On purpose! ğŸ˜‚",NA
"10197 UgxljmUKjGVZcVdCisF4AaABAg","What the F",NA
"10218 Ugx6GdrxDdw8x49T3Ep4AaABAg","Ahahah what a moron ğŸ˜‚",NA
"10327 UgwbK0m-ETblAGd9BYF4AaABAg","Get him out",NA
"10372 UgyF9aj6rVrY4DATU454AaABAg","ğŸ˜‚",NA
"10398 UgwcNpZT-SWTPsZpaGd4AaABAg","ğŸ˜…",NA
"10460 Ugy5oVNe2OYXQnXotX94AaABAg","Where is all the rage against CNN for racism, ageism, and Islamophobia?",NA
"10516 UgyERxcCJAkqgyDgZ_R4AaABAg","A malfunctioning robotğŸ˜®",NA
"10535 UgycUllBZ5mUFVMRiNl4AaABAg","Ok they asked for it",NA
"10541 Ugw0uxtxY-X725ADqaN4AaABAg","How delusion can that blonde girl be?",NA
"10553 UgxUqvzZcl8oXYki8kp4AaABAg","That guy from Wisconsin is such a tool.  ğŸ˜‚ğŸ¤£",NA
"10592 UgxuZ1CF-uSpMJuSrlR4AaABAg","Its over",NA
"10610 UgwcL_O6BCtvcqj6jJF4AaABAg","#REPARATIONSNOW  ğŸ•Šï¸ğŸ•Šï¸ğŸ’µğŸ’µğŸ’µğŸ‡ºğŸ‡¸ğŸ‡ºğŸ‡¸ğŸ‡ºğŸ‡¸ğŸ‡ºğŸ‡¸ğŸ¦¾ğŸ¦¾ğŸ¦¾ğŸ¦¾ğŸ¦¾ğŸ¦¾ğŸ’µğŸ’µğŸ’µğŸ’µğŸ’µğŸ’µğŸ’µğŸ’µğŸ’µğŸ’µ
#MONOPOLYUSAGOVERNMENTğŸ’€ğŸ’€ğŸ’€ğŸ¤ ğŸ¤ ğŸ¤ ğŸ¤¡ğŸ¤¡â˜ ï¸â˜ ï¸ğŸ‘»ğŸ‘»ğŸ¤¡ğŸ¤¡ğŸ‡ºğŸ‡¸ğŸ‡ºğŸ‡¸ğŸ¤ ğŸ¤ ğŸ¤ ğŸ¤  #BIDENHARRISOBAMASğŸ’€ğŸ’€â˜ ï¸â˜ ï¸ğŸ‘»ğŸ‘»ğŸ‘»ğŸ‘»",NA
"10671 Ugzoe5B9nu_bQ4bQCyR4AaABAg","what a lier...",NA
"10680 Ugx16PaExmJMgYgZP2h4AaABAg","Lier's!",NA
"10728 Ugwirx7aQY-twhao6rl4AaABAg","â€¦let old joe be old joeâ€¦",NA
"10734 UgyYJHR0nrY2rHQEEpB4AaABAg","ğŸ˜‚ğŸ¤¡ğŸ¤¡ğŸ¤¡ğŸ¤¡ğŸ¤¡",NA
"10735 Ugx3NKNittC_OEhDng54AaABAg","Dispose of this garbage",NA
"10736 UgyFJfdABiJSpClathh4AaABAg","ğŸ¤£",NA
"10750 Ugx-mI5iFQaaSX2aGid4AaABAg","There's a lot of cope going on here.",NA
"10757 Ugzk6D3Qu6uzXb2wBA94AaABAg","NBC newsâ¤â¤â¤.",NA
"10759 UgzmfJZFhDEe_qqHxXN4AaABAg","Lolol",NA
"10768 UgxUsGCLx-oNJTHWA8N4AaABAg","Spreading lies again?",NA
"10840 Ugwn_Z_zPenkGRhSrjZ4AaABAg","ğŸ˜‚ğŸ˜‚ğŸ˜‚ğŸ˜‚ğŸ˜‚ğŸ˜‚ğŸ˜‚ğŸ˜‚ğŸ˜‚ğŸ˜‚ğŸ˜‚",NA
"10842 UgxRkeDErZBRbQuYoAp4AaABAg","Trump2024ğŸ‡ºğŸ‡¸",NA
"10850 UgxNFZlvA-mG6Q62HBR4AaABAg","HAPPY HAPPY  INDEPENDENCE DAY, TO YOU, SIR.!!!",NA
"10863 UgyC2JL2kpmD4qFZj6h4AaABAg","Wow, this is how to gaslight.",NA
"10875 Ugz8zFeswu3AFQZlyq54AaABAg","Coked out Joe!",NA
"10890 UgwcyacrVq0OR9Hoctd4AaABAg","It is the end for Joe",NA
"10900 Ugw--uq6ywWZR_O4Jy94AaABAg","It is not about you.",NA
"10923 UgwJ9EG0cZLPzx-4F6l4AaABAg","â¤ğŸ˜‚ğŸ‰ğŸ‰ğŸ˜¢ğŸ˜®ğŸ‰ğŸ˜…",NA
"10926 UgzYQ744-p-34bKt7_l4AaABAg","\"\"AprÃ¨s moi, le dÃ©luge\"\"",NA
"10953 Ugzs-UjGkI8OA7UMqTV4AaABAg","80 or 75",NA
"10988 UgwX4r2LD21n-aguje94AaABAg","#letitgojoe",NA
"11015 UgwKn4bq_DOP_gi2Z4d4AaABAg","Let's Go Jetlag Joe!",NA
"11021 Ugw6Kuvpgb2eIAQ4LiV4AaABAg","Be Depressed Now !",NA
"11038 UgydTV_vElUU5e3XKl94AaABAg","Go get â€˜em Joe!!
ğŸ‡ºğŸ‡¸ğŸ‡ºğŸ‡¸ğŸ‡ºğŸ‡¸ğŸ’ªğŸ¼",NA
"11048 UgwmONtIOxcGV0rbSdN4AaABAg","He aint delivered on nun they fos ğŸ¤¦",NA
"11059 Ugyup-96JhiEbgPJmlZ4AaABAg","He got knocked out the park",NA
"11069 UgztBQ8ErSWa4eahIrp4AaABAg","He had a runny nose?",NA
"11077 UgxbPDqYYk0zqc_pMr54AaABAg","BS",NA
"11089 Ugz4_LNVZ5ysxDAUk354AaABAg","Dogged and relentless.",NA
"11091 UgwXkdTcc_JcL5-ca794AaABAg","old guy vs old guy 2.0 lets go",NA
"11130 Ugx6q5YayTmTY4Dirj54AaABAg","PRAY PRAY FOR THE USA",NA
"11132 UgyY-i7Q2CfIigedrf14AaABAg","ğŸ‡ºğŸ‡¸ğŸ‡ºğŸ‡¸ğŸ‡ºğŸ‡¸ğŸ‡ºğŸ‡¸ğŸ‡ºğŸ‡¸",NA
"11144 UgyQc7u7iUxjqDLZdXJ4AaABAg","welcome to m$m cope ğŸ˜‚",NA
"11158 UgwEvHyDrVQlPn2smeV4AaABAg","What did he deliver? Cut my income by 40%?",NA
"11173 UgxOZKLg8dRpHdH6UFZ4AaABAg","ğŸ¥³ğŸ¥³ğŸ¥³",NA
"11186 UgxfS8j4NCs4wglAOWd4AaABAg","The feds are thick on this thread, bros.",NA
"11196 UgwGWhgxIXG7yAt527F4AaABAg","Wow stupidity goes evenly",NA
"11244 UgwRDR7o5sjK4as72Kx4AaABAg","Bread and Circus\"\"",NA
"11253 UgzjaB7KeD2ZYAiAxMB4AaABAg","ğŸ‘ğŸ½ğŸ‘ğŸ½ğŸ‘ğŸ½",NA
"11260 Ugzo9ZQSg2_tdaRKbLh4AaABAg","RFK ALL THE WAY",NA
"11263 Ugyp_tXgjXuBx5Evtcx4AaABAg","Bologna",NA
"11402 Ugw-RkeOY4pVotJL5Np4AaABAg","LOHAHAHAHA",NA
"11441 UgyzHmPmf6BcozCphwR4AaABAg","ğŸ˜‚ğŸ˜‚ğŸ˜‚ğŸ˜‚ğŸ˜‚",NA
"11447 UgwYEnsXQH3HRuCD0jJ4AaABAg","Tháº­t khÃ³ Ä‘á»ƒ rÃºt láº¡i lá»i nÃ³i! Náº¿u nÃ³ Ä‘Ãºng.",NA
"11450 Ugx8EvAErZED3M97HMB4AaABAg","Monica Alba can get it.",NA
"11471 UgyFu3dGsXwuPA5_BoN4AaABAg","The antichrist succeeds in all he does.",NA
"11482 UgxRcZgnZw9GRT_Ui5Z4AaABAg","Ain't got any gas in it",NA
"11493 UgxrRa2bJSDmJvgiJOV4AaABAg","This is so sad",NA
"11499 UgxMqMUqzKTlnF0xDWJ4AaABAg","CUT OUT THE YEAHS",NA
"11501 UgzxMcyxgUXk5SE6nUB4AaABAg","'J.............. Plantation.............C'",NA
"11505 UgyPG-iaE9jGrQ981Jx4AaABAg","This is the weird SNL skit Iâ€™ve seen yet ğŸ§",NA
"11520 Ugz566iEesJmmQR08Bd4AaABAg","Meet depressed",NA
"11530 UgyyTYY0pFrG5WL9OCt4AaABAg","â€˜What you resist, persistsâ€™!",NA
"11531 UgyQTiaTZjDPEoK4TYR4AaABAg","The End: Translation, this Sunday.",NA
"11546 Ugxl-dvXvA7ywFYIymh4AaABAg","Lies",NA
"11580 UgzAvh0D9jKG2IM6DuZ4AaABAg","Ben Wikler is an excellent propagandist.",NA
"11631 UgzFzLyWFg_BZbmpu_h4AaABAg","He was jet-lagged.",NA
"11635 UgzWxg7qAC66Ltj4qzB4AaABAg","ğŸ’™ğŸ‡ºğŸ‡¸ğŸ’™ğŸ‡ºğŸ‡¸",NA
"11641 Ugy9XYuijEBbITAgKG94AaABAg","â€¦Rep Doggett? â€¦from Texas?â€¦The RED state!ğŸ¤¬",NA
"11654 Ugy_SjRdmJALbsAHEL54AaABAg","NOPE",NA
"11672 UgzKoLudq0-ZnUclf-B4AaABAg","âŒTrump
âŒBiden
âœ…Donald Duck",NA
"11677 UgwrHDhatbVUHgNUQH14AaABAg","ğŸ˜‚ğŸ˜‚ğŸ˜‚ğŸ˜‚ğŸ˜‚",NA
"11735 Ugxj7kfCx7CyoSG3zN14AaABAg","RFK JR 2024ğŸ‡ºğŸ‡¸ğŸ‡ºğŸ‡¸ğŸ‡ºğŸ‡¸ğŸ‡ºğŸ‡¸",NA
"11749 Ugzd_20fkiTjP6zCqgt4AaABAg","LIERS!!!!!!!!! ğŸ¤¢ğŸ¤®",NA
"11773 UgyF_M2VFjcEQNmYXqZ4AaABAg","#FourMoreYearsB.",NA
"11779 UgwXQ6bTO8Ae8syM7dp4AaABAg","Rock and Roll with Papa Joe ğŸ‘ğŸ¸",NA
"11783 UgyG9fGglzuEeD4Q_BV4AaABAg","This hubris is shameful",NA
"11785 Ugw32U2IPRRpqJnU9lZ4AaABAg","This is what our for fathers warned us about",NA
"11804 Ugy5Oj8XyPH65AJnMU14AaABAg","#VOTEBLUE2024ğŸ’™ğŸ‡ºğŸ‡¸ğŸ’™ğŸ‡ºğŸ‡¸ğŸ’™ğŸ‡ºğŸ‡¸ğŸ’™ğŸ’™ğŸ‡ºğŸ‡¸ğŸ’™ğŸ‡ºğŸ‡¸ğŸ’™ğŸ‡ºğŸ‡¸ğŸ’™",NA
"11808 UgxPs3Lb8geKxP9SaiF4AaABAg","YUGE snowflakes in Wisconsin!",NA
"11810 UgywnnCGAu3wGKPoG9x4AaABAg","Bs",NA
"11815 Ugz5ZxvDEbmW8I6gbkd4AaABAg","ğŸ˜…",NA
"11844 UgxCMdCbBgZTXGvpMm54AaABAg","Is that whoppi Goldberg!",NA
"11876 UgxF5w1Y9pA1v3cLdmZ4AaABAg","We draining the swamp!",NA
"11882 UgwO9edhfGecydSyW814AaABAg","Shutup Ben!",NA
"11889 UgwSsmz4hh60c7UfSRx4AaABAg","RFK",NA
"11891 UgyC5AE6_BWUtyVQ0DV4AaABAg","RFK",NA
"11893 UgzN6kDAFRZln2ZOitV4AaABAg","RFK",NA
"11936 UgxjBVMXqoKUuVQmBMJ4AaABAg","ğŸ˜‚",NA
"11944 Ugx-iX0JmYeHCufNvRB4AaABAg","I would VOTE4biden on a respirator B4 i would VOTE4trump",NA
"11952 Ugx7KzmyNFc1-68wLeB4AaABAg","ğŸ«¡ğŸ«¡ğŸ«¡ğŸ’ªğŸ½ğŸ’ªğŸ½ğŸ’ªğŸ½ğŸ’™ğŸ’™ğŸ’™",NA
"12005 UgyzpZytEMa-nRnoYn54AaABAg","Yeah Joe.  ğŸ‘ğŸ‘ğŸ‘ğŸ‘ğŸ‘ğŸ‘ğŸ‘ğŸ‘ğŸ‘ğŸ‘ğŸ‘ğŸ‘ğŸ‘ğŸ‘ğŸ‘ğŸ’™ğŸ‡ºğŸ‡¸ğŸ’™ğŸ‡ºğŸ‡¸ğŸ’™ğŸ‡ºğŸ‡¸ğŸ‡ºğŸ‡¸ğŸ’™ğŸ‡ºğŸ‡¸ğŸ’™",NA
"12022 UgyCJwNM94CQgqAoHy54AaABAg","Heâ€™s toast!",NA
"12035 Ugw-XNyfgp_CigYccVx4AaABAg","that pole is lie",NA
"12085 UgzupcM5E7pIx1WvXCh4AaABAg","Until the end of what thou",NA
"12103 Ugzg0lCvL5Y85y72P0x4AaABAg","Nixon 2.0",NA
"12109 UgwFDPYyfdeaqrHqp4Z4AaABAg","BIDENğŸ—³ï¸ğŸ‡ºğŸ‡¸ğŸ’™ğŸ™ğŸ½ğŸ—½",NA
"12137 UgzYAF9CV3gf6TVU2hR4AaABAg","Delivered what?",NA
"12177 UgyEdY7nfXMZLw7liFN4AaABAg","Heâ€™s not going anywhere",NA
"12187 Ugx4tOKnX_pm_RzpxIl4AaABAg","This is unbelievable! So infuriating!!!!",NA
"12205 UgznCj4lO48KRjJrp9R4AaABAg","This Ben Wikler is a paid for tool.",NA
"12236 Ugy9PdFPUp2I3NIh00h4AaABAg","Go Joe! ğŸ‡ºğŸ‡¸",NA
"12256 Ugzs84n_meKRTUfWSQd4AaABAg","The End",NA
"12273 Ugwx5bJmswQK5OpGuMF4AaABAg","It may be the end",NA
"12294 Ugzkm_e6YuOg66mOkNx4AaABAg","We with you Joe",NA
"12346 UgzMsQ7rkBT4eKTspI54AaABAg","ğŸ˜‚ğŸ˜‚ğŸ˜‚ğŸ˜‚ğŸ˜‚ğŸ˜‚ğŸ˜‚ğŸ˜‚ğŸ˜‚ğŸ˜‚ğŸ˜‚ğŸ˜‚ğŸ˜‚ğŸ˜‚ğŸ˜‚ğŸ˜‚ğŸ˜‚ğŸ˜‚ğŸ˜‚ğŸ˜‚ğŸ˜‚ğŸ˜‚ğŸ˜‚ğŸ˜‚ğŸ˜‚ğŸ˜‚ğŸ˜‚ğŸ˜‚ğŸ˜‚ğŸ˜‚ğŸ‰ğŸ˜‚ğŸ‰ğŸ‰ğŸ˜‚ğŸ˜‚ğŸ˜‚ğŸ˜‚ğŸ˜‚ğŸ˜‚ğŸ˜‚ğŸ˜‚ğŸ˜‚ğŸ˜‚ğŸ˜‚ğŸ˜‚ğŸ˜‚ğŸ˜‚ğŸ˜‚ğŸ˜‚ğŸ˜‚ğŸ˜‚ğŸ˜‚ğŸ˜‚ğŸ˜‚",NA
"12364 Ugzz70Wts7CLoJZoTQJ4AaABAg","Oof.",NA
"12365 Ugx7RCBGIeJjGtAl9-F4AaABAg","RFK2024",NA
"12409 UgycnjFCujx07DNQK6F4AaABAg","ğŸ‘",NA
"12420 UgxvmznwlJgApzuv1jp4AaABAg","And it may end Americs",NA
"12439 UgwX-YRyjNN68DqPvTN4AaABAg","Lie lie lie",NA
"12445 Ugxi7AUHG_OGBueFl0h4AaABAg","ğŸ¤¦â€â™€ï¸ğŸ¤¦â€â™€ï¸ğŸ¤¦â€â™€ï¸ğŸ¤¦â€â™€ï¸ğŸ¤¦â€â™€ï¸ğŸ¤¡ğŸ’©",NA
"12467 UgyzI0pUNZ1W2703hcl4AaABAg","ğŸŒ€ğŸŒŠğŸŒŠğŸŒŠğŸ’§ğŸ’§ğŸ«‚ğŸ—£ï¸ğŸ’™ğŸ’™ğŸ’™ğŸ’™",NA
"12502 UgxzUnUWhIQoKiaEe1x4AaABAg","ğŸ™ğŸ’™ğŸ’™ğŸ˜‡ğŸ‡±ğŸ‡·ğŸŒğŸ‘",NA
"12507 UgxOAMAJw0kVMLLcJmZ4AaABAg","This may be the end.",NA
"12515 UgypHJ8aZnERlSS9Tkd4AaABAg","Honesty?  SERIOUSLY?",NA
"12520 Ugzo5qHJ8sKz33b8Ol54AaABAg","Hakim Jeffries 2024!",NA
"12541 UgxYrsjh_T3BUnSXL_V4AaABAg","ğŸ˜‚ğŸ˜‚ğŸ˜‚ğŸ˜‚ğŸ˜‚ğŸ˜‚ğŸ‰ğŸ˜‚ğŸ˜‚ğŸ˜‚",NA
"12563 UgxxoPHvYIgwIOvFqCV4AaABAg","What a hardheaded old fart",NA
"12572 UgzO0eD76E0clZhnoYB4AaABAg","His end lol",NA
"12574 UgyrHJWgkma6OYSDRbN4AaABAg","RFK JR 2024",NA
"12603 UgwMoceGnAI5DH1vHVZ4AaABAg","https://youtu.be/ldQrapQ4d0Y?si=57u_lu8oIjsCC9H8

Joe, this is the key sir",NA
"12634 UgyK3sT5Oov4HSJHaQh4AaABAg","He had 13 days to recover from his travels!!",NA
"12637 Ugxbzk97JGte4nH827Z4AaABAg","Lol.",NA
"12652 Ugw2rjCnPhXET0Fh4Vl4AaABAg","Digging in his heels",NA
"12669 Ugw-eYmWwwKZwnneltR4AaABAg","Europeknewhisproblemsandwerepreparingforatrumppresidency1yearbackwhilethedemocraticpartywassleepingbidenistheworstdemocraticptesidentinhistory",NA
"12687 Ugw_P-MSWVXk8yTQRex4AaABAg","of his journey...",NA
"12699 UgztRT3KaBxDXIL2OUh4AaABAg","The end in August?",NA
"12727 UgwPVpCRCVBs83bnVJJ4AaABAg","Vocal Friiiiooooy",NA
"12734 UgzsMK_tPnlVhpMIHAl4AaABAg","BS",NA
"12770 UgxRGumdNO0rw-9EUVN4AaABAg","Mr Whitehouse",NA
"12779 UgxY1rIOWVUxGFBC7fV4AaABAg","\"\"Muh keys!!!\"\"",NA
"12796 Ugxc2xEyGWXoJZrmIQd4AaABAg","Lol wsj",NA
"12800 UgxinPoq3EzPOlt0wTJ4AaABAg","wsj is trash",NA
"12840 Ugw_yJe7tlRpyp35v0B4AaABAg","Ya.... no.",NA
"12857 Ugymc8qAvJ2M1Zfvhl54AaABAg","ONLY JOE",NA
"12873 Ugx82LiXPkVEVHEX5i54AaABAg","Some of those premises indicate an over consumption of koolaid.",NA
"12907 UgxdMYUSfqT5VCh4z5B4AaABAg","Sheâ€™s the only",NA
"12938 UgzZFmKIjbwusJMfRgh4AaABAg","This is sudo science lol",NA
"12978 UgwelMAtmNZ-S7z5kfV4AaABAg","This is so bogus.",NA
"12996 UgxsKWkkcOYTzWKgsx14AaABAg","Youâ€™re joeking",NA
"13008 Ugxj8NUCuHrYTWkCbjl4AaABAg","Hypocrisy running the ball ğŸ˜¢ğŸ˜…",NA
"13047 Ugww6wKd8or1YUOcjql4AaABAg","Shouldve got an archaeologist viewpoint.",NA
"13077 UgzzpRMrthmpMjkM2Xl4AaABAg","incapable of sincerity or accuracy? or both?",NA
"13088 UgyiNaSoawIw_5BkRLp4AaABAg","Propoganda",NA
"13117 UgzX7hhLtYugfc4fehl4AaABAg","ğŸ˜‚ğŸ˜‚ğŸ˜‚ğŸ˜‚ğŸ˜‚",NA
"13131 UgzYFnCk3KF_cRR6y5R4AaABAg","RFK!!!!",NA
"13132 UgzTaLB6nS69Rejsv194AaABAg","ğŸ¤¢ ğŸ¤¢",NA
"13152 UgyMzmU8ntOPbWNwcOR4AaABAg","Yrump 2025 he's my man ğŸ™â¤ï¸",NA
"13153 UgwFg3cJJ0nplCIxcyl4AaABAg","Astrology!",NA
"13160 UgwpyyT2ucP8quodVeZ4AaABAg","Now that's a wig!!",NA
"13165 UgzDeIViiBfBjp4gpyh4AaABAg","This guy is such a hack.",NA
"13174 Ugwmftn3LkpScdTVouV4AaABAg","This clip is scripted",NA
"13178 UgxE74iLnY6D9Y5FPph4AaABAg","This could be the END.",NA
"13179 UgxKL-H3XC_3qYDijRh4AaABAg","RUN GEORGE RUN, RUN GEORGE RUN",NA
"13188 UgwB09MujKRDxjTGljl4AaABAg","Win again? You bet,  6 feet under, you will.!",NA
"13214 Ugw-qQQvrqz6oE5VOlZ4AaABAg","ğŸ˜‚ğŸ¿",NA
"13228 UgxD6-BjN4b7EWNdrRx4AaABAg","\"\"Uncharted Territory\"\".",NA
"13269 Ugxas3GiaYK0lLHu9014AaABAg","ğŸ¤®",NA
"13291 UgwNAaVaUbFic2uYc1B4AaABAg","RFK 2024",NA
"13306 UgxhipKxBKQIiVq5mZd4AaABAg","Day dreamingğŸ˜…ğŸ˜…",NA
"13324 Ugz33JeKbNFW3yiau_F4AaABAg","The ğ˜—ğ˜¦ğ˜¥ğ˜°tato.",NA
"13343 UgzoDYXBTY1pdkSBvGR4AaABAg","Bla...bla....bla",NA
"13360 UgwyU_rfuJUWvTYreXV4AaABAg","\"\"Iarunnawinagain\"\"",NA
"13371 UgwUKS3jy7nn3PBi2I54AaABAg","Klobuchar hahaha.",NA
"13381 UgxQdFsJrZ5nBxHiWJt4AaABAg","Ooops!",NA
"13384 UgyZPXDWsrgYe9btR454AaABAg","I am glad that this key ideology is fictitious.",NA
"13408 Ugzjrzy9-CtIlCT49694AaABAg","FJB",NA
"13433 UgzE0wTbdiD-vIq3Qdt4AaABAg","Marxist",NA
"13456 UgwJj23339pdtlFKsxd4AaABAg","Iamwoninamgonawimagain ğŸ˜…",NA
"13480 Ugznm4b2fJY1RwPOst94AaABAg","T he demorats are going NO WHERE but OUT.",NA
"13489 UgwPypvdxGzRUItnEVF4AaABAg","Gretchen Whitmer says she's not doing it.",NA
"13529 UgyS-OOxtKpceS0PMXR4AaABAg","Rarara rowereeewave win again",NA
"13530 Ugw2w4GtoZTULVC7tFF4AaABAg","What he say??",NA
"13536 UgwjFNgSMOh6hKGD9Ud4AaABAg","A big baloney sandwich",NA
"13555 UgxzAcKStlWK5etI_d94AaABAg","FJB",NA
"13565 UgwKN2GRDt6B-zrKms14AaABAg","Wild hair on this guy",NA
"13580 UgwuyzFbIX6JGisd6ax4AaABAg","#votebluenomatterwho #voteblutosaveourdemocracy #votebluetosavewomenslives",NA
"13584 UgzpiZPn_IoJKdpoJhZ4AaABAg","Bro he's old AF",NA
"13607 UgzurQhTb5QsnDU_Gd14AaABAg","'Again' ?",NA
"13635 UgzZFwp8BYvOtQSqzj94AaABAg","Heâ€™s not impartial, is he?",NA
"13648 UgyNySSIf51zRU_MXPh4AaABAg","copium",NA
"13671 UgyD92Qa5yvJdZE5lgZ4AaABAg","Bs",NA
"13682 UgxOg2qfezPtSREYlhZ4AaABAg","This is all a crock",NA
"13720 UgwXfBlVbZ19OiRyyAd4AaABAg","Dream on Airhead...",NA
"13737 UgwSp4cFz5Gl0SWacpB4AaABAg","Wow! What utter garbage.",NA
"13755 Ugw8Ul93fV2z66dLj6J4AaABAg","I smell BS.",NA
"13763 Ugw1rAc_kRNpFIhOB-V4AaABAg","Deanna souders Rensselaer in souders llc",NA
"13784 UgzJ7RmpM1AFiwp-VbR4AaABAg","What a reach ğŸ˜‚",NA
"13821 UgzUVzYGeGaTZg94hal4AaABAg","Is that a toupee?",NA
"13823 Ugya0qIOL4vYBpLNCGB4AaABAg","run Joe run.",NA
"13844 Ugx8Teb5bV6dQMJ7-Lt4AaABAg","What a load of ğŸ’©!",NA
"13882 Ugzyrm8umnqRXJ-2XWR4AaABAg","Rubbish.",NA
"13902 UgyRA_qWOmos1Cru8JZ4AaABAg","This guy's a hack.",NA
"13904 UgxnrbTFMUzum2EKx6R4AaABAg","WSJ, Trumpism enablers",NA
"13911 Ugz3hxS1uBOTQCIoIFt4AaABAg","TRES Cool,,Harris Rocks!",NA
"13917 UgydaKk7WwQ9gPxJNVh4AaABAg","This guy is as genuine as his hairpiece.",NA
"13924 UgwCq_ub4dx-ey2-wB54AaABAg","Pundit extraordinaire!",NA
"13935 Ugx-pPx577998ERKADl4AaABAg","Go BidenğŸ‰",NA
"13973 Ugx2QujflxLJ7DUcF-F4AaABAg","Go Trump!!â¤",NA
"13992 UgxyQchOUeJ7FLIILj94AaABAg","Biden:ğŸ‘",NA
"14015 UgymKMn_K-QldERaaVt4AaABAg","what are you smoking",NA
"14048 UgxPwWj0BFCzdK4CEE54AaABAg","this is a stinking pile of bull...",NA
"14056 Ugy2-FbB92sv0Bl_Kfd4AaABAg","Trumpâ¤",NA
"14060 Ugz3ee9EDlHVPTwo7Wl4AaABAg","0:45",NA
"14108 UgwwdPRAoRKP0ID-aK54AaABAg","He recently said he's going to win again in 2020.",NA
"14169 UgxPNThHcPn9TEtRHeN4AaABAg","I aint buyin it.",NA
"14176 UgyjGTrLBe3FChwLQgJ4AaABAg","RFK 2024â¤",NA
"14189 Ugxg3-IjYyb57hzu5Fp4AaABAg","Hahahahahahahahaha!!!!!!! JFC lol",NA
"14243 UgzWe_TdcJK_1uNF9tN4AaABAg","Outdated as of this afternoon",NA
"14249 UgwZ090E7zViiWYFHph4AaABAg","Fjb",NA
"14282 UgzZwDTA-u7fovqz0ap4AaABAg","ğŸ¤£ğŸ¤£ğŸ¤¡ğŸ¤¡ğŸ¤¡ğŸ¤¡",NA
"14294 Ugylpg5No_Tr2iN_6ml4AaABAg","Damned if they do, damned if they don't.",NA
"14340 Ugw-UtcQz2htlgZqx0h4AaABAg","RFK! RFK! RFK!",NA
"14350 Ugz2lnk7iE3tIRZcYG94AaABAg","that's not the \"\"ultimate sacrifice\"\"",NA
"14357 UgzU-pSbELEWH6o7c5J4AaABAg","This guy has no fkin clue what he is saying",NA
"14388 Ugxz6ffrBO3sJQ38YAd4AaABAg","Cognizant dissonance, abstract BS.",NA
"14398 UgwAJz-f77kPbHwrtrB4AaABAg","Camel A ? Are you kidding ğŸ˜¢",NA
"14409 Ugz20q0QrgHvyDxTBC94AaABAg","Who are you?",NA
"14432 UgwnVwKtLulWhZzJ5Bp4AaABAg","RUN, Joe, RUN !!!",NA
"14467 UgyaP6BwF3ECFQIE5zV4AaABAg","So what are we saying then?",NA
"14479 UgwmX6QH8Mk93YnmDA54AaABAg","Yes it will.",NA
"14516 UgyD2ND5ftAk6kpjp_x4AaABAg","Is this Bevis from the 90's?",NA
"14520 UgymsPZHRO0dvwpGH3l4AaABAg","Yawn.",NA
"14538 UgzkusdDHPAdQyYFpBR4AaABAg","Cope",NA
"14557 UgxHU0rAD6Nu6vEu1W14AaABAg","WSJ lies.",NA
"14579 UgyNT89tzTPPm-FZseV4AaABAg","why is blud so obsessed with keys",NA
"14594 UgxqGcDKH7CUh9gT_354AaABAg","à¥ à¤œà¤¯ à¤¶à¥à¤°à¥€ à¤¸à¤¤à¥à¤¯ à¤¸à¤¨à¤¾à¤¤à¤¨ à¤µà¥ˆà¤¦à¤¿à¤• à¤§à¤°à¥à¤® à¤•à¥€ à¤œà¤¯ à¤¹à¥‹  , à¥ à¤œà¤¯ à¤¶à¥à¤°à¥€ à¤¸à¥à¤¦à¤°à¥à¤¶à¤¨ à¤šà¤•à¥à¤°à¤§à¤¾à¤°à¥€ à¤­à¤—à¤µà¤¾à¤¨ à¤¶à¥à¤°à¥€à¤•à¥ƒà¤·à¥à¤£ à¤•à¥€ à¤œà¤¯ à¤¹à¥‹ ğŸ•‰ğŸ•‰ğŸ•‰ğŸ•‰ğŸ•‰ğŸ•‰ğŸ•‰ğŸ•‰ğŸ•‰ğŸ•‰ğŸ•‰ğŸ•‰ğŸ•‰ğŸ•‰ğŸ•‰ğŸ•‰ğŸš©ğŸš©ğŸš©ğŸš©ğŸš©ğŸš©ğŸš©ğŸš©ğŸš©ğŸš©ğŸš©ğŸš©ğŸš©ğŸš©ğŸš©ğŸš©",NA
"14615 Ugy-j4g1OtJu0oyPGgV4AaABAg","ğŸ¿ğŸ¿ğŸ¿ğŸ¿ğŸ¿ğŸ¿",NA
"14628 Ugy7jRggSKqF_HCFtRh4AaABAg","Parkinsonâ€™s.",NA
"14655 UgyUTsOg3dodnXKgEbx4AaABAg","Ki jo dil lagi wo bora maan gayaa sawal atnay kiya k hum poch bathay tu kun kha nay lagay may khamaKha..",NA
"14661 Ugx3ySo3P75-YrFrlx54AaABAg","Toupee says what ?",NA
"14681 UgxBu6RUP-DO6muwDZd4AaABAg","MSM IS D.O.A.",NA
"14682 Ugwn-Nydeulre5yoc8F4AaABAg","This guy is too tied to his formula. What we are seeing is unprecedented.",NA
"14683 UgyJ8zrN8H8cAEBn3Jl4AaABAg","BBBBSSSS",NA
"14721 UgzTBvnNY46bo4tppjx4AaABAg","Harry Truman '48.",NA
"14725 UgzjGctZa89XMHgNjoF4AaABAg","Paid?",NA
"14753 UgzYFuXBvZLPaWQi-kB4AaABAg","Yes it would lol",NA
"14767 Ugwx24ydCJvljh5k9wF4AaABAg","several keys are highly subjective",NA
"14799 UgyXhX7utn0wTBkowGV4AaABAg","70s",NA
"14802 Ugy4_lD-y_COmEiv5iZ4AaABAg","ğŸ’™ğŸ’™ğŸ’™ğŸ•Šï¸ğŸ’™ğŸ•Šï¸ğŸ’™ğŸ’™",NA
"14817 UgzdJ0bSJnTPnuzWlXd4AaABAg","â¤",NA
"14842 UgzIydZYvT_1pRD-1QJ4AaABAg","LOL",NA
"14844 Ugw7Ay6sOscwlLdSfbd4AaABAg","Laughable.",NA
"14869 UgzstdSm8GJ39dV8Psd4AaABAg","ğŸ”µ DEMOCRACY
ğŸ”´ FA45ISM",NA
"14930 UgzHjw7CT4XHQsG01HB4AaABAg","Hobsonschoice",NA
"14934 UgyYtoNNoSnOTKEyDwB4AaABAg","ğŸ˜‚ğŸ˜‚ğŸ˜‚ğŸ˜‚ğŸ˜‚ğŸ˜‚",NA
"15003 Ugwm4BThCvhcBTvun7N4AaABAg","Lol who?",NA
"15010 UgwV3gigPTVPYvfw8T54AaABAg","Win again hahaha",NA
"15011 Ugycb5DoZzPSqnGmE3B4AaABAg","Win again hahaha",NA
"15018 UgxCTGSeY9_Dvjm_nfJ4AaABAg","FJB",NA
"15022 Ugy0IM9ChUy8q-mlmsV4AaABAg","Rubbish",NA
"15037 Ugx2LpHo1uuO7ACqc8l4AaABAg","imao that guy's wig",NA
"15084 UgxkEZkzfpA9vtOqEAt4AaABAg","They'll win if they nominate Big Mike",NA
"15113 Ugz9kZzQcmyLbw5VpNl4AaABAg","Stubborn willpower",NA
"15129 Ugz1JdRclQcr1SY-tMt4AaABAg","1:22 they sneaked in Klobuchar ğŸ’€",NA
"15155 UgxJdDbikDuJsYDEC9x4AaABAg","RFK 2024!",NA
"15197 UgyR7Hosa-fOUQkbaxZ4AaABAg","ahhhamrunninaaaahhwinagin",NA
"15202 UgzVRilmDEDvy6xSnJd4AaABAg","Whitmer...  LOL",NA
"15212 Ugxhg3oeL6SaEJ59xdR4AaABAg","This guy is a hack",NA
"15214 UgwdnS_5X_ZOGfbS4DV4AaABAg","Meh.",NA
"15220 UgzPoIRM22RjbuG44KV4AaABAg","ANYONE BUT NEWSOME...ANYONE",NA
"15231 Ugzn_MsOWkJU2j1jkS94AaABAg","DementiaJoe. Nuff said!!!",NA
"15239 UgyzURvwJlMUpREgGXh4AaABAg","FJB",NA
"15250 UgyB827lEjGOvaLr_754AaABAg","Blud is not rockin' that 2010 Justin Bieber swoosh.",NA
"15259 Ugy-QNK716lw08H0Y1h4AaABAg","The idiotic screams of his clapping seals,",NA
"15288 Ugxhwfvn5nf1JW4PTwJ4AaABAg","â¤",NA
"15324 Ugyh7XbwdFgbtoAxa454AaABAg","Bloviation",NA
"15348 Ugy0OTzhtthC1rGNn_p4AaABAg","The KEY ğŸ”‘ REALLY",NA
"15405 UgyoOmW4L3enq9-G8QR4AaABAg","Yes he is going to win.",NA
"15408 UgzAWhQLfgPExdj0tYZ4AaABAg","ğŸ’™ğŸ’™ğŸ’™ğŸ’™ğŸ’™ğŸ’™ğŸ’™ğŸ’™ğŸ’™ğŸ’™",NA
"15425 UgyPhL9-Oo7OmNLUYOt4AaABAg","K kk...J7D !! OMG !!!",NA
"15473 UgwyzTS625XcVr3FdUJ4AaABAg","I would dispute some of this guy's assessments...",NA
"15484 UgxUnbtSis722J23uOp4AaABAg","ğŸ˜‚ğŸ˜‚ğŸ˜‚ğŸ˜‚ğŸ˜‚ğŸ˜‚ğŸ˜‚ğŸ˜‚ğŸ˜‚ğŸ˜‚ğŸ˜‚ğŸ˜‚ğŸ˜‚ğŸ˜‚ğŸ˜‚ğŸ˜‚ğŸ˜‚ğŸ˜‚ğŸ˜‚ğŸ˜‚ğŸ˜‚ğŸ˜‚ğŸ˜‚ğŸ˜‚ğŸ˜‚ğŸ˜‚",NA
"15485 Ugyh3sCDYfwdnNgAhch4AaABAg","Snooze fest",NA
"15497 UgynLf6_t09CVVudRsN4AaABAg","This is Hocus pocus idiocy",NA
"15514 Ugy0WWe_jL-317A4X-J4AaABAg","I warned yal that Barry can't rap.ğŸ˜…",NA
"15515 UgzFIOPTODg9htnELKZ4AaABAg","ğŸ˜…",NA
"15531 UgyVvC8L-anFtH1RnlN4AaABAg","WEEKEND AT BERNIESğŸ˜‚",NA
"15552 Ugx324Cg1fszf-qUQU14AaABAg","ğŸ˜‚ğŸ˜‚ğŸ˜‚ğŸ˜‚ğŸ˜‚ğŸ˜‚",NA
"15615 UgzZdQD4To1K14fmhBd4AaABAg","https://youtu.be/BHnaFSGWA_4 Inauguration",NA
"15628 UgxZBReEqXqlh8CbA-54AaABAg","Where's Menania?",NA
"15636 UgzxKGwQ8tVckMndlBt4AaABAg","This is literal piss forest",NA
"15648 UgzbEyPWqyHVrA9iqmB4AaABAg","This smells communism",NA
"15654 Ugwh-YzkZIZBLvqzVpl4AaABAg","What \"\"Tremendous Falsehoods\"\"?",NA
"15680 Ugw9kF2KQZOfzlbXADp4AaABAg","CNN, domestic terrorists âœŒğŸ¼ğŸ‡ºğŸ‡¸",NA
"15688 UgygUFGKDTeFCRjA_vR4AaABAg","Bidenas .. Veni, vidi, oblitus sum",NA
"15703 UgxFge4dskQ1maTfAqt4AaABAg","3:49 is the CNN studio leaking?",NA
"15777 UgwOEvvsllyUaoJ00jV4AaABAg","This is entertaining",NA
"15784 Ugzeo9b_hSamYC7-PN54AaABAg","UTube censorship ğŸ˜¢ğŸ˜‚ğŸ˜®",NA
"15785 UgxLQveLfHjxumGwjs94AaABAg","ğŸ¤£ğŸ¤£ğŸ¤£ğŸ¤£ğŸ¤£ğŸ¤£",NA
"15787 Ugy3i89aM4m6XVIrOWh4AaABAg","Hahahahahaha FJB",NA
"15791 UgzfGfyzS71x5b6z-jR4AaABAg","ğŸ¤¦ğŸ»â€â™€ï¸ğŸ¤¦ğŸ»â€â™€ï¸ğŸ¤¦ğŸ»â€â™€ï¸ğŸ¤¦ğŸ»â€â™€ï¸ğŸ¤¦ğŸ»â€â™€ï¸ğŸ¤¦ğŸ»â€â™€ï¸ğŸ¤¦ğŸ»â€â™€ï¸",NA
"15799 UgwHfMW89IErZN2J7_N4AaABAg","https://youtu.be/_CjEkxrpan4?feature=shared",NA
"15806 UgzvbMnYEuGzcbuwu1p4AaABAg","#rfkjr",NA
"15896 Ugxo2lXQapC2P7Hdxy94AaABAg","Itâ€™s over CNN",NA
"15905 UgwdVpMz-QmQ1BdmF-14AaABAg","Gucked up",NA
"15926 UgyOsi75vC1ZHgmZ3jZ4AaABAg","ğŸ˜‚",NA
"15928 Ugxh1w5CqvDw-sxebWF4AaABAg","Sickening",NA
"15930 Ugz5j98EWhaLYjOYiTV4AaABAg","Get him out of here!",NA
"15936 UgwFrNO6VzJIqmsJhUJ4AaABAg","What did he lie about",NA
"15937 Ugxg_8Xhvja7lBSTg6B4AaABAg","On what",NA
"15957 UgzynPJZN0XpD-KT1CJ4AaABAg","Did van cry",NA
"15964 UgwMY8nEKtLZmyoV2Jx4AaABAg","Lol, hahaha lmfao",NA
"16009 UgzJ7edGuVjTMmehWKZ4AaABAg","ğŸ˜¢",NA
"16040 Ugywp8wny_ya3MGFVfZ4AaABAg","BAAHAHAHAAA!",NA
"16047 UgxXiiAqpzs5a4sa5U94AaABAg","DSantis for VP",NA
"16061 UgyFiXVotdJPDzk-sO94AaABAg","https://sanalamhamdialkamari.blogspot.com/2024/06/blog-post_30.html?m=1",NA
"16107 UgzHPhlvWGdMBjj5AXB4AaABAg","He's EIGHTY ONE!!!!",NA
"16136 Ugw-1XBTlp02lrKHJYB4AaABAg","What about RFK Jr?",NA
"16166 UgydxZ1BnWPkWS4GilF4AaABAg","this is all an act",NA
"16168 Ugy7SwKMalxweUhlMJl4AaABAg","ğŸ”Š DJT 2024â— ğŸ‡ºğŸ‡¸",NA
"16188 UgzX1ojQ7VynR9NnwT94AaABAg","Soy boy!!",NA
"16202 UgxEGYJXVDcP-XDtjJJ4AaABAg","Lol ha ha put on a mask",NA
"16223 UgxX6O9JljXf9-tm_lR4AaABAg","FJB",NA
"16243 UgxTyv--pQ3XhoJRadh4AaABAg","Hahahahahaha.",NA
"16251 UgztJcDbHOWAiyAnVJ14AaABAg","Hypocrites!!",NA
"16256 UgxNnhBeZFnycS1g8Jx4AaABAg","FJB",NA
"16309 UgwtL9PrgxMVDSTc41h4AaABAg","Vomiting",NA
"16325 UgzUf8ynuPVM1JWwzXp4AaABAg","ğŸ˜‚ğŸ˜‚ğŸ˜‚ğŸ˜‚ğŸ˜‚",NA
"16337 UgwBQzDx5hP28DD-gHh4AaABAg","CNN EL VOCERO DE LA AIPACğŸ¤‘ğŸ¤‘ğŸ¤‘ğŸ¤‘",NA
"16357 UgyGeN9_VNZuUK3jqqZ4AaABAg","Lolol cry!",NA
"16365 Ugz9HMybBbAS5LddPmF4AaABAg","Lol",NA
"16367 UgwC_jgkUpcpKcCnX8N4AaABAg","â³ï¸6:50
>>>Skip to VJ",NA
"16381 Ugx7Qz4RDc2UZejvgo94AaABAg","ğŸš¨ğŸš¨ğŸš¨ğŸš¨ğŸš¨ğŸš¨Biden be in hospice by December ğŸ˜‚ğŸ˜‚ğŸ˜‚ğŸ˜‚ğŸ˜‚ğŸ˜‚ğŸ˜‚ğŸ˜‚ğŸ˜‚ğŸ˜‚ğŸ˜‚",NA
"16396 UgxQDoKQyKQX2ksNw_h4AaABAg","ğŸ˜‚",NA
"16407 Ugym5P3kCyDcuZFfzrx4AaABAg","This nigga bout to cry ğŸ˜¢",NA
"16417 UgzEQbUNcCBYYa88rrh4AaABAg","Hey CNN",NA
"16430 Ugyp9quDyDd3y6ezKSJ4AaABAg","AwwwwğŸ˜‚poor vanğŸ˜…",NA
"16455 UgydKuv3Tl4xpGAgpSt4AaABAg","Ha! They cut out what Jennings said!",NA
"16458 UgwP9LzAGa12ozUjyah4AaABAg","FJB",NA
"16464 UgzhoGitNie2gsz-lB94AaABAg","\"\"It was a whitelash\"\" what a turd",NA
"16521 Ugyi2zD1XOYXumzGK154AaABAg","Anderson Cooper is a paid US agent. Operation Mockingbird",NA
"16532 UgyzAcpCWlrQteN5OsR4AaABAg","CNN you are not journalist",NA
"16536 Ugwru3Ybx9GEeUFmVUV4AaABAg","\"\"This was a whitelash\"\".",NA
"16589 Ugz452FDFiQX_t3SNU94AaABAg","Haters",NA
"16625 UgwLalEQlk0ErtGxqlp4AaABAg","ğŸ˜…",NA
"16635 UgwzwAxEFl8kkhmI1oJ4AaABAg","Visit www.sqdf.co.za to see an update",NA
"16645 UgzioM-kYIsqL_rSu3V4AaABAg","lol",NA
"16705 UgzRI5P77ky1ZIf7p8t4AaABAg","Bi done is what that was...",NA
"16737 Ugx551vMnjuLFdVTSCF4AaABAg","Yall med your bed fuckes. ğŸ˜…ğŸ˜…ğŸ˜…",NA
"16752 Ugy7hsYzX7iuZyXLvsZ4AaABAg","HAHAAAAA!!!!!!",NA
"16769 UgxLJ3ssefreNALGSCN4AaABAg","David Hog Urban.",NA
"16814 UgwbiONilsS9v88yuqh4AaABAg","ğŸ¤¦ğŸ½â€â™€ï¸",NA
"16851 UgxbTGlJ8cHrCFIdT294AaABAg","OH VAN",NA
"16858 Ugx12W7B6STI_TCZq7V4AaABAg","Hey CNNâ€¦fix your audio",NA
"16877 UgwvQPNbq7sV7unNYuF4AaABAg","HAHAHAHAHAHAHAHAHAHAHAHAHAHAHA....Awesome! ..................Eat it !",NA
"16948 UgzB7xYgSYjhH-PLJRt4AaABAg","my girl Abby",NA
"16949 Ugy_U5INyVQIpNr9f2h4AaABAg","Hahahahahahahahahahahahahhahahahahhahahaahhahahahahahhahahahahahahhahahhahahahahahahahhahahahahhahahah",NA
"16977 Ugx_5X9M7ZWc6HfaRkp4AaABAg","FJB",NA
"16992 UgyJaHANxAvzSTgzfrN4AaABAg","Who's thumbuling this clâ—‹wn shâ—‹â‚© up??ğŸ‘ğŸ‘ğŸ‘ğŸ‘ğŸ‘ğŸ¤¡",NA
"17084 UgxjMcrGRxqoJ4oi8yd4AaABAg","JOE THE JOKEğŸ˜‚ğŸ˜‚ğŸ˜‚ğŸ˜‚ğŸ‰ğŸ‰ğŸ‰",NA
"17149 UgzL_QnqDme1Okt3ClN4AaABAg","It's Joever.",NA
"17150 Ugw1U2fN6ho71Dqgy-t4AaABAg","DR. CORNEL WEST",NA
"17193 UgxiLySQ3XLji3zhEXR4AaABAg","LOOLOLOLOLOLOLOLOLOLOLOLOLOLOLOLOLLOLOLOLOLOLOLOLOLOLOLOLOLLOOLOLOLOLOLOLOLOLOLOLOLOLOLOLOLOLLOLOLOLOLOLOLOLOLOLOLOLOLLOOLOLOLOLOLOLOLOLOLOLOLOLOLOLOLOLLOLOLOLOLOLOLOLOLOLOLOLOLLOOLOLOLOLOLOLOLOLOLOLOLOLOLOLOLOLLOLOLOLOLOLOLOLOLOLOLOLOLLOOLOLOLOLOLOLOLOLOLOLOLOLOLOLOLOLLOLOLOLOLOLOLOLOLOLOLOLOLLOOLOLOLOLOLOLOLOLOLOLOLOLOLOLOLOLLOLOLOLOLOLOLOLOLOLOLOLOLLOOLOLOLOLOLOLOLOLOLOLOLOLOLOLOLOLLOLOLOLOLOLOLOLOLOLOLOLOLLOOLOLOLOLOLOLOLOLOLOLOLOLOLOLOLOLLOLOLOLOLOLOLOLOLOLOLOLOLLOOLOLOLOLOLOLOLOLOLOLOLOLOLOLOLOLLOLOLOLOLOLOLOLOLOLOLOLOLLOOLOLOLOLOLOLOLOLOLOLOLOLOLOLOLOLLOLOLOLOLOLOLOLOLOLOLOLOL",NA
"17220 UgwI3f_O8XUKkjp1D0l4AaABAg","Joe is my guy !",NA
"17268 Ugzsb99z0T3lXYV0ItB4AaABAg","Beach glass platstoidium 2:45",NA
"17299 UgwAGINmLnkAhR2MJyd4AaABAg","Cope central here",NA
"17322 Ugz1eSQGSHepXY5-5_l4AaABAg","ğŸ˜‚",NA
"17324 UgyVEKg4_zJ-E2vbNOB4AaABAg","Lie lie lie",NA
"17341 UgxNhpoGRH5V__n64Px4AaABAg","https://youtu.be/KkBkgqt_mT0?si=9w2ETSTRE8VcryPr",NA
"17398 UgxxHcPDI6nN2Ourfft4AaABAg","CNN is a traitorous rag.",NA
"17428 Ugze37zy3TNvwNya-IR4AaABAg","smelly crotch!! ğŸ˜µâ€ğŸ’«",NA
"17429 Ugz7z97YJzPmQOuUIlx4AaABAg","Cooper and Joe are too old. oooohh. ğŸ¤•",NA
"17432 UgzldihU_arqj6in9BJ4AaABAg","RFK RFK RFK",NA
"17444 UgyiLmg9wf_C8Dyrr_94AaABAg","Why is Michael Chiklis so angry?",NA
"17470 Ugwl381arG6NfvH4Uv14AaABAg","This is hyperbolic",NA
"17512 UgzBkNaSJo81GfXYUDp4AaABAg","Why are that man's shoulders wet?",NA
"17517 Ugx6IypJFEtxZQ4efx94AaABAg","Mark Kelly",NA
"17590 UgxIrJbDUIFYFETQ65B4AaABAg","ğŸ˜¢",NA
"17724 Ugzf4P0H-fH18T0QF394AaABAg","Oops!ğŸ˜‚",NA
"17729 Ugz6xMYQa3csWD-pyN94AaABAg","yes, got his footing.. one foot in the grave, the other on a banana peel...",NA
"17779 UgylXGhZbcW-IPkPTLJ4AaABAg","Joe lie too",NA
"17791 Ugxm8TZy_eDdMZxD6Ch4AaABAg","ğŸ˜‚ğŸ˜…ğŸ˜‚ğŸ˜…ğŸ˜‚ğŸ˜…ğŸ˜‚ğŸ˜…",NA
"17792 UgwXYLIyo61UKs8bVrh4AaABAg","#GoGetGavin",NA
"17793 UgxTHTVvtRH-SHITG5N4AaABAg","The US is on the ropes.",NA
"17795 UgzAZNR7MkoquJNjYA14AaABAg","Whatâ€™s with the background noise",NA
"17813 UgxC06rm_w78al9bk8d4AaABAg","ğŸ¥” in chief",NA
"17818 UgyLmbWtvXpHcWRkHGt4AaABAg","https://youtu.be/hshkQTXGo44?si=C6PAVQb0L4duM0ui",NA
"17846 UgysIeiJ2TQLJc8L04p4AaABAg","What is on David Axlerod's suit?!",NA
"17858 Ugz6PixKAslQ36rUIPx4AaABAg","Yup. PAINFUL!ğŸ˜‚",NA
"17869 UgwnY3tk8T8bSRGzzpt4AaABAg","FUCNN",NA
"17882 Ugwonzpoy1ORZdL11yd4AaABAg","CNN is so bad",NA
"17888 UgwByrf6eVaegsX4_XR4AaABAg","Abandoning ship eh?",NA
"17907 UgzQFqPxbd4LSMvcAad4AaABAg","Wow CNN.",NA
"17943 Ugyajd8p9w7gKhivl8F4AaABAg","THE CON MAN VERSUS THE OLD MAN!!!ğŸ‘ºğŸ‘ºğŸ‘ºğŸ‘ºğŸ‘ºğŸ‘ºğŸ‘ºğŸ‘ºğŸ‘ºğŸ‘º",NA
"17957 Ugzni0-jLVEUymojAUV4AaABAg","ğŸ˜…ğŸ˜…ğŸ˜…ğŸ˜…loserğŸ˜…ğŸ˜…ğŸ˜…ğŸ˜…",NA
"17966 UgxTLeMWz_YZhTcRZER4AaABAg","ğŸ¤£ğŸ¤£ğŸ¤£ğŸ¤£ğŸ¤£ğŸ¤£ğŸ¤£ğŸ¤£ğŸ¤£ğŸ¤£ğŸ¤£ğŸ¤£ğŸ¤£ğŸ¤£ğŸ¤£ğŸ¤£ğŸ¤£ğŸ¤£ğŸ¤£ğŸ¤£ğŸ¤£ğŸ¤£ğŸ¤£ğŸ¤£ğŸ¤£ğŸ¤£ğŸ¤£ğŸ¤£ğŸ¤£ğŸ¤£ğŸ¤£ğŸ¤£ğŸ¤£ğŸ¤£ğŸ¤£ğŸ¤£ğŸ¤£ğŸ¤£ğŸ¤£ğŸ¤£ğŸ¤£ğŸ¤£ğŸ¤£ğŸ¤£ğŸ¤£ğŸ¤£ğŸ¤£ğŸ¤£ğŸ¤£ğŸ¤£ğŸ¤£ğŸ¤£ğŸ¤£ğŸ¤£ğŸ¤£ğŸ¤£ğŸ¤£ğŸ¤£ğŸ¤£",NA
"17997 UgwdScWqrvB_KQnugOR4AaABAg","JAKE SULLIVAN FOR PRESIDENCY !!!",NA
"18010 UgwnAtA61mT34ltkVt54AaABAg","axelrod is a schill",NA
"18018 UgxXmiBx3Ao63ZDTRQN4AaABAg","They both lied.",NA
"18082 UgzRkQYHaZUP0R9b1aR4AaABAg","ğŸ˜¢ğŸ˜¢ğŸ˜¢",NA
"18096 Ugx4R-DE0nzGDfggiWp4AaABAg","It was rough",NA
"18132 UgxOVjv84JkyVSY4iN14AaABAg","ğŸ˜‚ğŸ˜‚ğŸ˜‚ğŸ˜‚ğŸ˜‚ğŸ˜‚",NA
"18139 UgyGdpqSqUYK25-xGDJ4AaABAg","What is dripping?",NA
"18200 Ugw0xHPwmSr5RGRbzzJ4AaABAg","https://youtu.be/ylRucgw_iyI?si=aJOkfCWiecUVAjID",NA
"18217 UgzdGti0-4yN0xE3_zJ4AaABAg","ğŸ¿ ğŸ¿ ğŸ¿ ğŸ¿ ğŸ¿",NA
"18250 UgxIN-_HkiAy6NYLoxV4AaABAg","CNN lies.  Cancel CNN",NA
"18266 UgzsOlAzcjI6KF3AfJx4AaABAg","Your pain is my delight",NA
"18270 Ugx1H3dG4c_o3Cdh1N54AaABAg","CNN BS",NA
"18282 UgyVyoxM_4EnMOrdPaN4AaABAg","CCN lies",NA
"18294 Ugz30S1uGemEseNcpO14AaABAg","Yes it was",NA
"18316 UgzdI9LbWj4JhpeQHTJ4AaABAg","Hahaha!!!!
FJB!!!!!
AND CNN!",NA
"18384 Ugw6bc8zlW7MoVBbuYd4AaABAg","Why are there sirens going off",NA
"18412 UgxVafMgDbSsN8vTWx94AaABAg","Rats deserting the sinking ship",NA
"18440 UgwmF0DpMkpB6bstMkh4AaABAg","ğŸ˜‚ğŸ˜‚ğŸ˜‚ğŸ˜‚ğŸ˜‚ğŸ˜‚TRUMP 2024",NA
"18462 Ugwblr5W2M_a-5cdgSt4AaABAg","ğŸ˜‚",NA
"18526 Ugwg8jYIWps9CPmIygF4AaABAg","CNNğŸ˜‚",NA
"18566 UgyeK3SmxPIWqy_3QbB4AaABAg","Both of them are unstable!",NA
"18567 Ugx-TMLQ4zgWbd1MWGh4AaABAg","EMBARSSING. BOTH OF THEM!",NA
"18576 UgzHCQBciq-qYAgVFjd4AaABAg","Where are the lies, Sister?",NA
"18593 UgzPydpUkj2L35aNBh94AaABAg","LOL! The U.S. is so hosed.",NA
"18601 UgzwA6aMV4sCIW1Trdl4AaABAg","FJB",NA
"18701 UgwFJMNuajP5kz0_Lex4AaABAg","Hahahahaha",NA
"18720 Ugzx8lB05PVB6W5K58J4AaABAg","ğŸ˜‚ğŸ˜‚ğŸ˜‚ğŸ˜‚ğŸ˜‚ğŸ˜‚ğŸ˜‚ğŸ˜‚ğŸ˜‚ğŸ˜‚ğŸ˜‚ğŸ˜‚ğŸ˜‚",NA
"18735 Ugw1Cv3CVblHhgue7q14AaABAg","FCNN FJB",NA
"18768 UgyPm5T7nTqSrF5fm9N4AaABAg","ğŸ˜‚",NA
"18781 UgzW4WGmgN1XLcXCbE94AaABAg","Perfectly said. Old man vs con man",NA
"18831 UgxApENgr4tuo1z-p7p4AaABAg","Is that random yet curio usly ti med dru  m roll to tri p up the audi o reco gnition?",NA
"18923 Ugwsenyeu-9iS4_l7KV4AaABAg","Smoke and mirrors are over, now let's scramble ğŸ˜‚ ğŸ˜‚",NA
"19001 UgwWEif-KqQK5MY26ON4AaABAg","@6:52 waaaaaaaaaaaaaaaaaaaaaaaaaaaaaaaaaaaaaaaaaaaaaaaaaaaaaaaaaaaaaaaaaaaaaaaaaaaa!",NA
"19034 Ugxz9KcGccYjm9-e0_94AaABAg","FJBâ€¦",NA
"19063 UgzWkXhaN8Wnf4hSxFN4AaABAg","Dominating an imbecile?",NA
"19108 UgxiXgLObxlIe6Y6T5J4AaABAg","FDJT is a pathological lying freak.",NA
"19145 UgxvK0WrRZvFj_HaJ654AaABAg","Shark battery shark battery shark battery oh no!!",NA
"19149 Ugw5vtDlF5zO_08KWtx4AaABAg","The prez is KRACKERS ! ğŸ˜ŠğŸ˜ŠğŸ˜ŠğŸ˜ŠğŸ˜ŠğŸ¥³ğŸ¥³ğŸ¥³",NA
"19169 UgzulBGIjPyVMrklNCp4AaABAg","ğŸš‚TRUMPğŸ‡ºğŸ‡²",NA
"19172 UgyR9DX-QYtd22-zM-J4AaABAg","WASP-skinned",NA
"19211 UgweWTUFl7UHLuyKjOl4AaABAg","domestic and international ma$$ murd*ring terror!st USA;",NA
"19221 UgzZ1-44YXr3o-LlGw14AaABAg","ma$$ murd*ring terror!st USA;",NA
"19270 Ugzo4xUmGR4YObv5x3x4AaABAg","Karoline is awesome!",NA
"19317 Ugy78L6LQWSDVmia_YZ4AaABAg","What a load of rubbish Fox ğŸ’©ğŸ’©ğŸ’©ğŸ’©ğŸ’©ğŸ’©ğŸ’©",NA
"19380 UgwJvcnPbbYYTbZD2ZB4AaABAg","Theyâ€™re going to install Newsome",NA
"19399 Ugy2yWNV-P4LLDtwX4N4AaABAg","He got obliterated up there",NA
"19441 Ugx3IDzHe8z0zTYbhDN4AaABAg","Its all over Joe ..ğŸ˜‚",NA
"19456 Ugx-zRp6nRF1QVGwumZ4AaABAg","2:36 2:54 4:15",NA
"19464 UgzJo2kd6g6Oc4tuRup4AaABAg","My dog ate my homework.",NA
"19483 Ugxyy5jq1DjjsSq6b7x4AaABAg","ğŸ˜† ğŸ¤£ ğŸ˜‚ ğŸ˜¹",NA
"19509 UgwSE8DATz_q-w0E-nt4AaABAg","Takk fyrir frÃ¡bÃ¦rt myndband! ğŸ‡®ğŸ‡¸",NA
"19512 UgzlYerHijdqNIQdVH54AaABAg","Where is Melania?",NA
"19535 UgyttEPW_41ACtVUo7B4AaABAg","Yah no, not buying it at all.",NA
"19595 UgzHlSGjiMmNgZ_0jKN4AaABAg","FJB FJB FJB",NA
"19608 UgymVR32ID-uj8JhN_N4AaABAg","The lies",NA
"19646 UgwOcSqlxLOZIKTnD4Z4AaABAg","ğŸ˜ğŸ‡ºğŸ‡¸ğŸ˜ğŸ‡ºğŸ‡¸ğŸ˜ğŸ‡ºğŸ‡¸ğŸ˜ğŸ‡ºğŸ‡¸ğŸ˜ğŸ‡ºğŸ‡¸ğŸ˜ğŸ‡ºğŸ‡¸",NA
"19662 Ugyv9NAaBi_NuN1mgOR4AaABAg","FJB",NA
"19681 UgxWaWXSnJ7hxR_7qbh4AaABAg","Lies ,lies all lies",NA
"19703 UgzJg60M_Io6n5wUgQN4AaABAg","satisfied with disaster.....sums him up....",NA
"19777 UgxpPyFdwKhm8_W9w1F4AaABAg","Horace Wimp â€¦ is Joeâ€¦",NA
"19810 UgxhU8-gbwVBzSR1bQB4AaABAg","Slam dunk",NA
"19855 UgzxttDXPGjGxEPGYyp4AaABAg","FJB ğŸ˜®",NA
"19881 UgwoaELGDp433sdRy8V4AaABAg","ğŸ¤œğŸ’¥ğŸ’¨ğŸ’¨MAGAâ¤ï¸",NA
"19995 Ugz3d_2DO5EUj-0aHpl4AaABAg","The con man verse the old man, the con man won",NA
"19999 UgwygAV_wyJT5XiKIdV4AaABAg","JOE ğŸ˜...YOUR FIRED..ğŸ˜…ğŸ˜ŠğŸ˜‚",NA
"20022 UgxFqi5f_uC8GKl0MWJ4AaABAg","Smoke crack",NA
"20029 UgxAlumRNC4yDgSmWv54AaABAg","TrumpğŸ‰TrumpğŸ‰TrumpğŸ‰TrumpğŸ‰â¤F.J.B.!",NA
"20033 UgyqFpYwVed8rMej0op4AaABAg","So we ended up with one forgetful old man, and one lying old man",NA
"20077 UgyUIHu9Vv-ljcLvBGl4AaABAg","Too.  Old.",NA
"20172 UgwfjN-MfiB-yo5jhGd4AaABAg","Caroline is so dam hot ğŸ”¥",NA
"20190 UgzFZuVTG3B1o5gtFsR4AaABAg","A cold...really? ğŸ¤¦â€â™‚ï¸ğŸ™„",NA
"20199 Ugx6RoWoWqi6KsBoX4Z4AaABAg","We winâ¤â¤â¤â¤â¤ğŸ˜Š",NA
"20216 UgybcXsWiau-lOHH2Sx4AaABAg","How can Fox let on Karoline Leavitt after CNN kicked her off?",NA
"20227 UgwWAu1hvRIli73i2d54AaABAg","He was juiced up, alright.  With NyQuil!  Lol!",NA
"20231 UgzHouQ0KSaKrdSsFZZ4AaABAg","who has the codes..?",NA
"20256 UgyurfhYpMq94F19-DB4AaABAg","Goodmorning from the Silicon Valley Karoline darling.Merci beaucoup pour vos commentaire!!!ğŸ‡ºğŸ‡¸ğŸ’ğŸ˜ğŸ‘",NA
"20264 UgzArpPhSZ7HkkQrcGl4AaABAg","LOBOTOMIZED JOE",NA
"20291 UgyN7g32qV6fwZpB7-x4AaABAg","Pack you bags Joe! Your done!",NA
"20302 UgyoRvjORFcgCCEd2ll4AaABAg","Lets go!",NA
"20306 UgwJHJoWPRiYqtWq2l54AaABAg","Carley ğŸ”¥ğŸ”¥ğŸ”¥ğŸ˜…",NA
"20313 Ugx0I30LJYbSVOgg-tZ4AaABAg","Trump24ğŸ‰ğŸ¯ğŸ’¯ğŸ’ªğŸ‘ğŸ™ğŸ‡ºğŸ‡²â¤",NA
"20345 Ugw_NvxoVxQtsEEN0dl4AaABAg","NO TAX ON TIPS BECAUSE 'TIPS' ARE...GIFTS!!! ğŸ‘ğŸ‡ºğŸ‡¸ğŸ¥ŠğŸ—³ğŸ¥ŠğŸ‡ºğŸ‡¸ğŸ‘",NA
"20389 UgzSM5OppmSVnMf3Xpx4AaABAg","they are both the worst",NA
"20414 UgxlnjR9kNa6FImt3zJ4AaABAg","It was a Viril against a Senil.",NA
"20421 Ugy8oDiZW-aaioENLgh4AaABAg","Get him out of there",NA
"20448 Ugz7yp8r3ZGV6aBjPWF4AaABAg","Congrats Karoline !! â¤",NA
"20461 UgxhRXcuQQ_OcgEZkhF4AaABAg","Trump!!â¤",NA
"20463 UgwgpqvkQIFK9jBadlF4AaABAg","Can a Canadian chip in $?? lol",NA
"20470 Ugz4pp9giFeoUK_tdeN4AaABAg","FJB ğŸ˜µâ€ğŸ’«  Heâ€™s RIGOR MORTIS JOEğŸ§Ÿâ€â™‚ï¸",NA
"20497 Ugy9J6XaN8MtdPpBuJd4AaABAg","Whoa - Neo",NA
"20505 UgydzZT8y0yZ1oE3KlZ4AaABAg","Kathrines a lil firecracker",NA
"20531 UgwE0zd1NKdu5mKgTrZ4AaABAg","â€˜Iâ€™m a 6 handicapâ€™â€¦",NA
"20567 Ugy4TWsMOyptbqaFrMR4AaABAg","Why you lies ?",NA
"20615 Ugww-o9LPOAD0xxqlGJ4AaABAg","Karoline is awesome!!",NA
"20617 Ugz6FoAJqi2QLnOJCv94AaABAg","Elder AbuseğŸ¤£ğŸ¤£!!",NA
"20622 Ugzkk4HTLHOtUozRdl54AaABAg","lol",NA
"20645 UgyHDHFo_qRHC13YcFt4AaABAg","FJB",NA
"20671 Ugx_ablt3sN-OoCYEm54AaABAg","Bitten by bats again.",NA
"20694 UgzsCmJ5q34fraHwdol4AaABAg","BYE DEN",NA
"20697 UgzLAEIZvVL-8ki41854AaABAg","FJBğŸ‡ºğŸ‡¸",NA
"20704 UgxQG2LGKoksoA6g3ZJ4AaABAg","Karoline Leavitt is a \"\"rock star\"\" ğŸŒŸ",NA
"20719 UgxE42pFaQpz6sTk5sZ4AaABAg","Bidensbordercrisis
Joeysguttago",NA
"20729 Ugzp8inZPKdiKentBOx4AaABAg","Joes DoneğŸ˜‚",NA
"20730 UgxzCB2t4YB5xVKmhwl4AaABAg","Ğ›Ñ, Ğ´ÑƒĞ¼Ğ°Ğ» ÑĞ¾Ğ±Ğ¾Ğ»ÑŒ Ğ½Ğ° Ñ„Ğ¾ĞºÑĞµ Ğ¿Ğ¾ĞºĞ°Ğ·Ñ‹Ğ²Ğ°ÑÑ‚.",NA
"20757 Ugysd5uoBzFrfsCcn5l4AaABAg","Zombie joe.",NA
"20761 UgyOJCDLu8KWa8u3sCV4AaABAg","she's annoying tho.",NA
"20817 Ugx831j2fKyA9KrC3qN4AaABAg","California â¤Trump",NA
"20861 UgyZ7YyJKc5row25v6h4AaABAg","RIP Joe... Don't let the old man inğŸ˜‚",NA
"20880 UgwQ5aPlEttmjuOIrLx4AaABAg","ğŸ‘ğŸ‘",NA
"20885 Ugyp4oRIMNDILk9VJKJ4AaABAg","ğŸ˜‚ğŸ˜‚ğŸ˜‚ğŸ˜‚ğŸ˜‚",NA
"20908 Ugx_MDaLd6_miR6aDBF4AaABAg","Cocaine drips ğŸ˜…ğŸ˜‚",NA
"20928 UgwoElIoALsUPB6Dv514AaABAg","where is deniro now ??",NA
"20946 Ugx-0i0FruQY_T2aIRF4AaABAg","BidenğŸ˜‚",NA
"20952 Ugzgl_rCoqvMOeiQAjR4AaABAg","Haha",NA
"20959 UgwICHSNDw5olsSKAnl4AaABAg","ğŸ˜‚ğŸ˜‚ğŸ˜‚ğŸ¤¡ğŸ¤¡ğŸ¤¡",NA
"20967 UgzDpgSk_32yHCHt8Nt4AaABAg","this is blring",NA
"20968 Ugw1uT2O79KMaAj4i6h4AaABAg","Yahooty! This is big chit.",NA
"20984 UgwluqZnwGxP7ryQA914AaABAg","There was a stragegy ? ğŸ˜‚ğŸ˜‚",NA
"20990 UgzC88isNiR4oQya62d4AaABAg","ELDER ABUSE!!!!!!!ğŸ˜‚ğŸ˜‚",NA
"20994 UgyWqjTSVTejk65lAt94AaABAg","Both are garbage",NA
"21049 Ugw5L6JbglOtI_tSUot4AaABAg","#TRUMP2024â¤",NA
"21070 UgyA-k4rWb8yD6YRbPF4AaABAg","No friends!ğŸ˜‚",NA
"21088 UgyxupkFKNyD54RrsHV4AaABAg","It 2028 yet?",NA
"21107 UgzK_JoSYVZHNRBbLbZ4AaABAg","Hail Caesar!",NA
"21108 UgzqkbKVAeuGPMhkAXp4AaABAg","Statler and waldorf the Muppets",NA
"21120 UgxQ38-88sd_U7nQNgJ4AaABAg","LESGOSKI, MARINOSKI, LEWANGOLSKI, MIKE WAZOWSKI, BLASZCZYKOWSKI",NA
"21122 UgwMtSwmwxiyQAOYOJt4AaABAg","LESGOSKI SÃŒ Ãˆ PROPRIO COSÃŒ CHE SI FA FENOMENALE",NA
"21148 UgzbS7Vv3Sp4Gpur8aB4AaABAg","Heâ€™s very old!",NA
"21152 UgwMeTd0BkjySbgV0SN4AaABAg","booooooooo",NA
"21167 Ugwo5CJxEpt0knZ39BZ4AaABAg","Who will win?",NA
"21186 UgwU4pJQWBP0iAYUoi54AaABAg","HE WON'T BE SMILING TONIGHT!!",NA
"21194 UgymM894w15TXvgvS-F4AaABAg","No CNN for me. ğŸ˜Š",NA
"21213 Ugx7sC4wBGGwMNxpZ5B4AaABAg.A5BaLjynFHGA5BonSWKBTz","no",NA
"21217 UgxBRexVzDRkpzjT2op4AaABAg.A5IPPFSNIisA5IbjVETCP7","Only you",NA
"21218 UgxBRexVzDRkpzjT2op4AaABAg.A5IPPFSNIisA5J75Pt6Und","@@squirrels24seven  Got u. ;)",NA
"21230 Ugx0XsAUKuErOLUHIpB4AaABAg.A5D0IxFXVxWA5JhXWaCMJO","@@ENIGIZERb cope..",NA
"21232 UgxgzPQe2P5y2K888U54AaABAg.A5CmYsVLdwtA5Coy2VH4dn","Which one? ğŸ˜‚",NA
"21259 UgwSpta0p-o_vQ48r714AaABAg.A5CU-PVaFp6A5Ci_1UxT9R","No",NA
"21260 UgwSpta0p-o_vQ48r714AaABAg.A5CU-PVaFp6A5Ciyv3ms11","@@hobbso8508 Why not?",NA
"21270 UgxA0uRjhaRDBSVm12d4AaABAg.A5COcRQQ3ltA5D6LYRtA73","W prediction",NA
"21280 UgxmjatVc6XE6FEbEAp4AaABAg.A5CFY1KY3a5A5GPAi7V7wH","What ?",NA
"21305 UgxL6HkQHb4l9VFjbTx4AaABAg.A5C3z8o6IIaA5CQdRZsO-a","T is old too",NA
"21313 UgymxLcNL-6XVZsEyoJ4AaABAg.A5BxFLhi8gMA5D6eHqDqHj","they shouldâ€™ve",NA
"21317 Ugz2KTdo-zxKTzJs4fd4AaABAg.A5Bs-4XdsypA5CRc4p7_gQ","@@quantumbuddhistcringe ğŸ˜­",NA
"21334 UgyJFpzA0xeyrxklTtd4AaABAg.A5BnBnz4zPjA5CJgr1UX9U","What",NA
"21336 UgwEEd9D0cBVV3VC59B4AaABAg.A5Bm9AAhwKMA5CIYif1X6D","\"\"they\"\"?? ğŸ˜„",NA
"21339 UgzW8dEN60Kwvl6Lwt14AaABAg.A5BlheZhp9sA5C3vZFLlPx","Amen ğŸ™",NA
"21348 UgwbHud1kH7-IPh9N_t4AaABAg.A5Bew7iy9nOA5C3JC8XZkC","And Adderall",NA
"21351 UgyZsCw6zgbZcOfqy9F4AaABAg.A5BdLuB3RT7A5BreASdCrJ","â€‹@@badluck5647and flushing toilets.",NA
"21369 Ugxr0C6MHBk45-QfebB4AaABAg.A5Bcpi_VpOYA5Gl2-whFfl","Who are you asking?",NA
"21370 Ugxr0C6MHBk45-QfebB4AaABAg.A5Bcpi_VpOYA5JFzR7Sbh-","@@Gouda992
So is RFK",NA
"21378 UgwwO9GBd-lUl3S1pEx4AaABAg.A5BceDekPTFA5BtqqIMZWQ","@@poppajretired410 it Depends",NA
